,year,record,age,grade,consideration,plan,attempt
51,2013,86363,4.0,2.0,1.0,1.0,1.0
94,2013,86406,3.0,2.0,2.0,2.0,1.0
138,2013,86450,4.0,2.0,1.0,2.0,1.0
142,2013,86454,4.0,2.0,1.0,1.0,1.0
164,2013,86476,3.0,2.0,1.0,2.0,1.0
176,2013,86488,4.0,2.0,1.0,1.0,1.0
202,2013,86514,2.0,1.0,1.0,1.0,1.0
238,2013,86550,4.0,2.0,1.0,2.0,1.0
260,2013,86572,4.0,2.0,1.0,1.0,1.0
283,2013,86595,5.0,3.0,1.0,1.0,1.0
310,2013,86622,5.0,3.0,1.0,2.0,1.0
319,2013,86631,5.0,3.0,1.0,1.0,1.0
321,2013,86633,6.0,2.0,1.0,1.0,1.0
326,2013,86638,4.0,2.0,1.0,1.0,1.0
360,2013,86672,2.0,1.0,1.0,1.0,1.0
369,2013,86681,4.0,1.0,1.0,1.0,1.0
385,2013,86697,4.0,3.0,1.0,1.0,1.0
387,2013,86699,5.0,3.0,1.0,1.0,1.0
393,2013,86705,4.0,2.0,1.0,1.0,1.0
398,2013,86710,4.0,3.0,1.0,1.0,1.0
406,2013,86718,4.0,3.0,1.0,2.0,1.0
431,2013,86743,4.0,3.0,1.0,2.0,1.0
458,2013,86770,6.0,3.0,1.0,1.0,1.0
482,2013,86794,6.0,2.0,1.0,1.0,1.0
550,2013,86862,4.0,2.0,1.0,1.0,1.0
551,2013,86863,3.0,2.0,2.0,2.0,1.0
553,2013,86865,4.0,2.0,1.0,1.0,1.0
589,2013,86901,6.0,3.0,1.0,2.0,1.0
596,2013,86908,3.0,1.0,1.0,1.0,1.0
599,2013,86911,2.0,1.0,1.0,1.0,1.0
616,2013,86928,3.0,2.0,1.0,1.0,1.0
629,2013,86941,5.0,2.0,1.0,1.0,1.0
639,2013,86951,3.0,2.0,2.0,2.0,1.0
654,2013,86966,3.0,1.0,2.0,2.0,1.0
673,2013,86985,4.0,2.0,1.0,1.0,1.0
683,2013,86995,3.0,2.0,1.0,1.0,1.0
696,2013,87008,4.0,2.0,1.0,1.0,1.0
716,2013,87028,4.0,2.0,1.0,1.0,1.0
723,2013,87035,4.0,3.0,1.0,1.0,1.0
728,2013,87040,6.0,3.0,2.0,2.0,1.0
732,2013,87044,3.0,1.0,1.0,1.0,1.0
760,2013,87072,4.0,3.0,1.0,1.0,1.0
767,2013,87079,5.0,2.0,2.0,2.0,1.0
778,2013,87090,1.0,4.0,1.0,1.0,1.0
784,2013,87096,5.0,3.0,1.0,1.0,1.0
834,2013,87146,4.0,3.0,1.0,1.0,1.0
863,2013,87175,2.0,1.0,1.0,1.0,1.0
874,2013,87186,4.0,3.0,1.0,1.0,1.0
880,2013,87192,3.0,1.0,1.0,2.0,1.0
898,2013,87210,5.0,3.0,1.0,1.0,1.0
973,2013,87285,4.0,2.0,1.0,1.0,1.0
1007,2013,87319,5.0,3.0,1.0,2.0,1.0
1015,2013,87327,2.0,1.0,1.0,1.0,1.0
1020,2013,87332,6.0,3.0,1.0,1.0,1.0
1036,2013,87348,4.0,3.0,1.0,1.0,1.0
1039,2013,87351,4.0,3.0,1.0,2.0,1.0
1044,2013,87356,4.0,3.0,1.0,1.0,1.0
1047,2013,87359,5.0,3.0,1.0,1.0,1.0
1063,2013,87375,3.0,1.0,1.0,1.0,1.0
1081,2013,87393,4.0,3.0,1.0,1.0,1.0
1104,2013,87416,7.0,1.0,1.0,1.0,1.0
1145,2013,87457,4.0,3.0,1.0,2.0,1.0
1201,2013,87513,4.0,3.0,1.0,2.0,1.0
1228,2013,87540,3.0,2.0,1.0,2.0,1.0
1234,2013,87546,5.0,3.0,1.0,1.0,1.0
1274,2013,87586,6.0,3.0,1.0,1.0,1.0
1288,2013,87600,5.0,3.0,1.0,1.0,1.0
1293,2013,87605,6.0,3.0,1.0,1.0,1.0
1300,2013,87612,3.0,1.0,1.0,1.0,1.0
1326,2013,87638,4.0,2.0,1.0,1.0,1.0
1341,2013,87653,4.0,2.0,2.0,2.0,1.0
1358,2013,87670,3.0,2.0,1.0,1.0,1.0
1365,2013,87677,2.0,1.0,1.0,2.0,1.0
1369,2013,87681,3.0,1.0,1.0,1.0,1.0
1394,2013,87706,2.0,1.0,1.0,1.0,1.0
1405,2013,87717,3.0,2.0,1.0,1.0,1.0
1422,2013,87734,4.0,2.0,1.0,1.0,1.0
1492,2013,87804,4.0,2.0,1.0,1.0,1.0
1496,2013,87808,3.0,2.0,1.0,1.0,1.0
1532,2013,87844,2.0,1.0,1.0,1.0,1.0
1559,2013,87871,6.0,3.0,1.0,1.0,1.0
1572,2013,87884,4.0,1.0,1.0,1.0,1.0
1578,2013,87890,4.0,1.0,1.0,1.0,1.0
1612,2013,87924,6.0,3.0,1.0,1.0,1.0
1625,2013,87937,5.0,3.0,1.0,1.0,1.0
1635,2013,87947,5.0,3.0,1.0,1.0,1.0
1650,2013,87962,5.0,3.0,1.0,1.0,1.0
1664,2013,87976,5.0,2.0,1.0,1.0,1.0
1665,2013,87977,4.0,2.0,1.0,1.0,1.0
1693,2013,88005,4.0,2.0,1.0,2.0,1.0
1720,2013,88032,5.0,2.0,1.0,1.0,1.0
1722,2013,88034,5.0,3.0,1.0,1.0,1.0
1745,2013,88057,4.0,2.0,1.0,2.0,1.0
1752,2013,88064,4.0,3.0,1.0,1.0,1.0
1804,2013,88116,4.0,3.0,1.0,1.0,1.0
1858,2013,88170,3.0,2.0,1.0,2.0,1.0
1890,2013,88202,5.0,3.0,1.0,1.0,1.0
1894,2013,88206,4.0,2.0,1.0,2.0,1.0
1926,2013,88238,5.0,3.0,1.0,2.0,1.0
1946,2013,88258,7.0,3.0,1.0,1.0,1.0
1968,2013,88280,2.0,1.0,1.0,1.0,1.0
2011,2013,88323,4.0,1.0,1.0,2.0,1.0
2047,2013,88359,3.0,1.0,1.0,2.0,1.0
2052,2013,88364,4.0,2.0,1.0,1.0,1.0
2056,2013,88368,3.0,1.0,1.0,1.0,1.0
2061,2013,88373,4.0,3.0,1.0,1.0,1.0
2091,2013,88403,4.0,3.0,1.0,2.0,1.0
2099,2013,88411,5.0,3.0,1.0,2.0,1.0
2117,2013,88429,3.0,1.0,1.0,1.0,1.0
2127,2013,88439,2.0,2.0,1.0,1.0,1.0
2138,2013,88450,4.0,3.0,2.0,1.0,1.0
2153,2013,88465,4.0,3.0,1.0,1.0,1.0
2160,2013,88472,4.0,2.0,1.0,1.0,1.0
2163,2013,88475,5.0,1.0,1.0,1.0,1.0
2169,2013,88481,3.0,1.0,1.0,1.0,1.0
2177,2013,88489,4.0,3.0,1.0,1.0,1.0
2202,2013,88514,4.0,2.0,1.0,2.0,1.0
2206,2013,88518,4.0,2.0,1.0,1.0,1.0
2225,2013,88537,3.0,2.0,1.0,1.0,1.0
2243,2013,88555,3.0,1.0,2.0,2.0,1.0
2285,2013,88597,4.0,2.0,1.0,1.0,1.0
2301,2013,88613,5.0,3.0,1.0,1.0,1.0
2313,2013,88625,5.0,3.0,1.0,1.0,1.0
2340,2013,88652,5.0,3.0,1.0,1.0,1.0
2347,2013,88659,5.0,3.0,1.0,1.0,1.0
2381,2013,88693,4.0,3.0,1.0,2.0,1.0
2393,2013,88705,4.0,1.0,1.0,1.0,1.0
2462,2013,88774,3.0,2.0,2.0,2.0,1.0
2479,2013,88791,5.0,2.0,1.0,1.0,1.0
2527,2013,88839,4.0,2.0,1.0,1.0,1.0
2572,2013,88884,5.0,3.0,1.0,1.0,1.0
2628,2013,88940,5.0,3.0,1.0,1.0,1.0
2646,2013,88958,7.0,1.0,1.0,1.0,1.0
2658,2013,88970,2.0,1.0,1.0,1.0,1.0
2678,2013,88990,3.0,2.0,1.0,1.0,1.0
2680,2013,88992,4.0,2.0,1.0,1.0,1.0
2693,2013,89005,5.0,3.0,1.0,1.0,1.0
2719,2013,89031,5.0,3.0,1.0,1.0,1.0
2737,2013,89049,4.0,2.0,1.0,1.0,1.0
2748,2013,89060,4.0,2.0,1.0,1.0,1.0
2758,2013,89070,4.0,2.0,1.0,1.0,1.0
2761,2013,89073,5.0,3.0,1.0,1.0,1.0
2782,2013,89094,3.0,1.0,1.0,2.0,1.0
2806,2013,89118,3.0,2.0,1.0,2.0,1.0
2811,2013,89123,5.0,3.0,1.0,1.0,1.0
2828,2013,89140,5.0,3.0,1.0,1.0,1.0
2837,2013,89149,1.0,1.0,1.0,1.0,1.0
2854,2013,89166,3.0,1.0,2.0,2.0,1.0
2862,2013,89174,4.0,3.0,2.0,1.0,1.0
2865,2013,89177,2.0,1.0,1.0,2.0,1.0
2887,2013,89199,4.0,1.0,1.0,1.0,1.0
2889,2013,89201,5.0,3.0,1.0,1.0,1.0
2894,2013,89206,4.0,2.0,1.0,1.0,1.0
2922,2013,89234,1.0,3.0,1.0,1.0,1.0
2927,2013,89239,6.0,3.0,1.0,2.0,1.0
2964,2013,89276,5.0,3.0,1.0,1.0,1.0
2969,2013,89281,4.0,3.0,1.0,2.0,1.0
2973,2013,89285,4.0,2.0,1.0,2.0,1.0
2974,2013,89286,2.0,1.0,1.0,1.0,1.0
2996,2013,89308,2.0,1.0,1.0,1.0,1.0
3015,2013,89327,3.0,1.0,1.0,1.0,1.0
3017,2013,89329,5.0,3.0,1.0,2.0,1.0
3027,2013,89339,4.0,3.0,1.0,1.0,1.0
3030,2013,89342,1.0,1.0,1.0,1.0,1.0
3039,2013,89351,5.0,2.0,1.0,1.0,1.0
3055,2013,89367,4.0,2.0,1.0,1.0,1.0
3059,2013,89371,4.0,2.0,1.0,2.0,1.0
3064,2013,89376,4.0,3.0,1.0,1.0,1.0
3070,2013,89382,4.0,3.0,1.0,1.0,1.0
3073,2013,89385,5.0,3.0,1.0,1.0,1.0
3076,2013,89388,5.0,2.0,1.0,1.0,1.0
3086,2013,89398,3.0,1.0,1.0,2.0,1.0
3089,2013,89401,4.0,2.0,1.0,1.0,1.0
3097,2013,89409,5.0,2.0,1.0,1.0,1.0
3136,2013,89448,3.0,1.0,1.0,2.0,1.0
3159,2013,89471,6.0,3.0,2.0,1.0,1.0
3177,2013,89489,4.0,3.0,1.0,2.0,1.0
3179,2013,89491,4.0,3.0,2.0,1.0,1.0
3199,2013,89511,4.0,2.0,2.0,2.0,1.0
3205,2013,89517,3.0,2.0,1.0,1.0,1.0
3272,2013,89584,4.0,3.0,1.0,1.0,1.0
3273,2013,89585,4.0,2.0,1.0,1.0,1.0
3295,2013,89607,4.0,2.0,1.0,1.0,1.0
3301,2013,89613,4.0,3.0,1.0,1.0,1.0
3304,2013,89616,4.0,2.0,1.0,2.0,1.0
3307,2013,89619,6.0,3.0,1.0,1.0,1.0
3321,2013,89633,3.0,1.0,2.0,2.0,1.0
3329,2013,89641,2.0,1.0,1.0,1.0,1.0
3334,2013,89646,3.0,1.0,2.0,2.0,1.0
3358,2013,89670,3.0,1.0,1.0,1.0,1.0
3359,2013,89671,5.0,3.0,1.0,1.0,1.0
3368,2013,89680,4.0,3.0,1.0,2.0,1.0
3385,2013,89697,5.0,3.0,1.0,1.0,1.0
3398,2013,89710,3.0,1.0,1.0,2.0,1.0
3404,2013,89716,4.0,3.0,2.0,1.0,1.0
3458,2013,89770,3.0,2.0,1.0,1.0,1.0
3489,2013,89801,2.0,1.0,1.0,1.0,1.0
3500,2013,89812,3.0,1.0,2.0,2.0,1.0
3524,2013,89836,4.0,3.0,1.0,1.0,1.0
3532,2013,89844,5.0,3.0,1.0,1.0,1.0
3549,2013,89861,5.0,3.0,1.0,1.0,1.0
3575,2013,89887,6.0,3.0,1.0,2.0,1.0
3596,2013,89908,4.0,3.0,1.0,2.0,1.0
3638,2013,89950,5.0,3.0,1.0,1.0,1.0
3651,2013,89963,6.0,3.0,1.0,1.0,1.0
3659,2013,89971,5.0,3.0,1.0,1.0,1.0
3683,2013,89995,5.0,3.0,1.0,1.0,1.0
3703,2013,90015,3.0,2.0,1.0,1.0,1.0
3710,2013,90022,5.0,3.0,1.0,1.0,1.0
3730,2013,90042,6.0,3.0,1.0,2.0,1.0
3747,2013,90059,6.0,3.0,1.0,1.0,1.0
3810,2013,90122,5.0,3.0,1.0,1.0,1.0
3811,2013,90123,3.0,1.0,1.0,2.0,1.0
3821,2013,90133,3.0,1.0,1.0,1.0,1.0
3824,2013,90136,5.0,2.0,1.0,2.0,1.0
3828,2013,90140,4.0,3.0,1.0,1.0,1.0
3831,2013,90143,3.0,1.0,1.0,2.0,1.0
3835,2013,90147,5.0,3.0,1.0,2.0,1.0
3852,2013,90164,5.0,3.0,1.0,2.0,1.0
3869,2013,90181,3.0,2.0,1.0,1.0,1.0
3898,2013,90210,4.0,2.0,1.0,2.0,1.0
3905,2013,90217,3.0,2.0,1.0,1.0,1.0
3906,2013,90218,4.0,2.0,1.0,1.0,1.0
3916,2013,90228,7.0,4.0,1.0,1.0,1.0
3925,2013,90237,5.0,3.0,1.0,1.0,1.0
3929,2013,90241,4.0,2.0,1.0,2.0,1.0
3930,2013,90242,4.0,1.0,1.0,1.0,1.0
3943,2013,90255,3.0,1.0,1.0,1.0,1.0
3946,2013,90258,2.0,1.0,1.0,1.0,1.0
3969,2013,90281,4.0,3.0,1.0,1.0,1.0
3992,2013,90304,5.0,3.0,1.0,2.0,1.0
3994,2013,90306,4.0,3.0,2.0,2.0,1.0
4002,2013,90314,3.0,1.0,2.0,2.0,1.0
4004,2013,90316,4.0,3.0,1.0,1.0,1.0
4007,2013,90319,4.0,3.0,1.0,1.0,1.0
4035,2013,90347,3.0,1.0,2.0,2.0,1.0
4036,2013,90348,2.0,1.0,1.0,1.0,1.0
4050,2013,90362,5.0,3.0,1.0,1.0,1.0
4091,2013,90403,5.0,2.0,1.0,1.0,1.0
4097,2013,90409,4.0,2.0,1.0,1.0,1.0
4131,2013,90443,4.0,2.0,1.0,1.0,1.0
4135,2013,90447,4.0,3.0,1.0,1.0,1.0
4146,2013,90458,5.0,3.0,1.0,1.0,1.0
4148,2013,90460,3.0,1.0,1.0,2.0,1.0
4151,2013,90463,3.0,1.0,1.0,1.0,1.0
4154,2013,90466,4.0,3.0,1.0,1.0,1.0
4234,2013,90546,4.0,2.0,1.0,2.0,1.0
4251,2013,90563,3.0,1.0,1.0,1.0,1.0
4257,2013,90569,2.0,1.0,1.0,1.0,1.0
4259,2013,90571,5.0,3.0,1.0,1.0,1.0
4266,2013,90578,5.0,2.0,1.0,1.0,1.0
4336,2013,90648,4.0,3.0,1.0,2.0,1.0
4351,2013,90663,4.0,2.0,1.0,1.0,1.0
4376,2013,90688,4.0,3.0,1.0,2.0,1.0
4386,2013,90698,5.0,2.0,1.0,1.0,1.0
4388,2013,90700,2.0,1.0,1.0,1.0,1.0
4431,2013,90743,2.0,1.0,2.0,2.0,1.0
4441,2013,90753,4.0,2.0,1.0,1.0,1.0
4452,2013,90764,3.0,1.0,1.0,1.0,1.0
4466,2013,90778,2.0,1.0,1.0,1.0,1.0
4490,2013,90802,2.0,1.0,1.0,1.0,1.0
4509,2013,90821,7.0,4.0,1.0,1.0,1.0
4536,2013,90848,4.0,2.0,1.0,1.0,1.0
4545,2013,90857,3.0,2.0,1.0,1.0,1.0
4549,2013,90861,5.0,3.0,1.0,2.0,1.0
4561,2013,90873,2.0,2.0,1.0,1.0,1.0
4565,2013,90877,4.0,3.0,1.0,1.0,1.0
4566,2013,90878,4.0,2.0,1.0,1.0,1.0
4568,2013,90880,2.0,1.0,1.0,1.0,1.0
4569,2013,90881,4.0,3.0,1.0,1.0,1.0
4603,2013,90915,4.0,3.0,1.0,1.0,1.0
4615,2013,90927,2.0,1.0,1.0,1.0,1.0
4624,2013,90936,4.0,3.0,1.0,1.0,1.0
4656,2013,90968,5.0,3.0,1.0,1.0,1.0
4668,2013,90980,6.0,4.0,2.0,2.0,1.0
4679,2013,90991,5.0,3.0,1.0,1.0,1.0
4680,2013,90992,5.0,3.0,1.0,2.0,1.0
4681,2013,90993,4.0,3.0,1.0,1.0,1.0
4688,2013,91000,5.0,3.0,1.0,1.0,1.0
4752,2013,91064,4.0,2.0,1.0,2.0,1.0
4756,2013,91068,3.0,2.0,1.0,2.0,1.0
4766,2013,91078,6.0,3.0,1.0,1.0,1.0
4775,2013,91087,5.0,3.0,1.0,1.0,1.0
4809,2013,91121,4.0,2.0,1.0,1.0,1.0
4826,2013,91138,4.0,3.0,1.0,1.0,1.0
4837,2013,91149,5.0,3.0,1.0,1.0,1.0
4876,2013,91188,5.0,3.0,1.0,1.0,1.0
4893,2013,91205,6.0,3.0,1.0,2.0,1.0
4896,2013,91208,5.0,3.0,2.0,2.0,1.0
4902,2013,91214,5.0,2.0,2.0,2.0,1.0
4905,2013,91217,7.0,1.0,1.0,1.0,1.0
4907,2013,91219,4.0,3.0,1.0,1.0,1.0
4912,2013,91224,5.0,2.0,1.0,2.0,1.0
4930,2013,91242,5.0,3.0,1.0,1.0,1.0
4947,2013,91259,4.0,2.0,1.0,1.0,1.0
4949,2013,91261,3.0,2.0,1.0,1.0,1.0
5002,2013,91314,5.0,3.0,1.0,2.0,1.0
5013,2013,91325,6.0,3.0,1.0,1.0,1.0
5026,2013,91338,4.0,3.0,1.0,1.0,1.0
5047,2013,91359,5.0,3.0,1.0,1.0,1.0
5064,2013,91376,2.0,1.0,1.0,2.0,1.0
5068,2013,91380,5.0,3.0,1.0,2.0,1.0
5122,2013,91434,5.0,3.0,1.0,1.0,1.0
5124,2013,91436,4.0,2.0,2.0,1.0,1.0
5129,2013,91441,4.0,3.0,1.0,1.0,1.0
5149,2013,91461,4.0,2.0,1.0,2.0,1.0
5155,2013,91467,4.0,3.0,1.0,1.0,1.0
5181,2013,91493,5.0,3.0,1.0,1.0,1.0
5187,2013,91499,1.0,4.0,1.0,1.0,1.0
5214,2013,91526,4.0,2.0,1.0,1.0,1.0
5215,2013,91527,6.0,3.0,1.0,1.0,1.0
5286,2013,91598,4.0,3.0,1.0,1.0,1.0
5326,2013,91638,4.0,3.0,1.0,1.0,1.0
5348,2013,91660,3.0,2.0,1.0,1.0,1.0
5403,2013,91715,5.0,3.0,2.0,1.0,1.0
5411,2013,91723,4.0,2.0,1.0,1.0,1.0
5453,2013,91765,4.0,3.0,1.0,2.0,1.0
5458,2013,91770,1.0,3.0,1.0,1.0,1.0
5479,2013,91791,4.0,3.0,1.0,1.0,1.0
5481,2013,91793,6.0,3.0,1.0,1.0,1.0
5487,2013,91799,6.0,3.0,1.0,1.0,1.0
5513,2013,91825,3.0,2.0,1.0,1.0,1.0
5520,2013,91832,2.0,1.0,1.0,1.0,1.0
5602,2013,91914,5.0,3.0,1.0,1.0,1.0
5624,2013,91936,3.0,2.0,1.0,2.0,1.0
5645,2013,91957,4.0,2.0,1.0,1.0,1.0
5715,2013,92027,5.0,3.0,1.0,1.0,1.0
5716,2013,92028,4.0,2.0,1.0,1.0,1.0
5727,2013,92039,5.0,3.0,1.0,1.0,1.0
5730,2013,92042,3.0,1.0,1.0,2.0,1.0
5738,2013,92050,4.0,2.0,1.0,1.0,1.0
5750,2013,92062,4.0,2.0,1.0,1.0,1.0
5753,2013,92065,4.0,3.0,1.0,1.0,1.0
5760,2013,92072,3.0,2.0,1.0,2.0,1.0
5776,2013,92088,4.0,1.0,1.0,1.0,1.0
5797,2013,92109,2.0,1.0,1.0,2.0,1.0
5849,2013,92161,5.0,2.0,1.0,1.0,1.0
5895,2013,92207,3.0,1.0,2.0,2.0,1.0
5904,2013,92216,7.0,3.0,1.0,1.0,1.0
5922,2013,92234,4.0,3.0,1.0,1.0,1.0
5948,2013,92260,5.0,3.0,2.0,2.0,1.0
5972,2013,92284,5.0,2.0,1.0,1.0,1.0
5978,2013,92290,4.0,2.0,1.0,1.0,1.0
6009,2013,92321,3.0,2.0,1.0,1.0,1.0
6049,2013,92361,5.0,2.0,1.0,1.0,1.0
6060,2013,92372,4.0,2.0,1.0,1.0,1.0
6075,2013,92387,4.0,1.0,1.0,1.0,1.0
6082,2013,92394,4.0,2.0,1.0,1.0,1.0
6088,2013,92400,4.0,1.0,1.0,1.0,1.0
6095,2013,92407,4.0,2.0,2.0,1.0,1.0
6106,2013,92418,5.0,3.0,1.0,1.0,1.0
6111,2013,92423,5.0,3.0,2.0,2.0,1.0
6117,2013,92429,4.0,3.0,1.0,1.0,1.0
6123,2013,92435,6.0,3.0,2.0,1.0,1.0
6125,2013,92437,6.0,3.0,1.0,1.0,1.0
6157,2013,92469,7.0,3.0,1.0,2.0,1.0
6167,2013,92479,4.0,1.0,1.0,1.0,1.0
6198,2013,92510,4.0,2.0,1.0,1.0,1.0
6251,2013,92563,6.0,3.0,1.0,1.0,1.0
6289,2013,92601,2.0,1.0,1.0,1.0,1.0
6305,2013,92617,5.0,3.0,1.0,1.0,1.0
6308,2013,92620,4.0,2.0,1.0,1.0,1.0
6313,2013,92625,3.0,1.0,1.0,1.0,1.0
6317,2013,92629,4.0,1.0,1.0,2.0,1.0
6321,2013,92633,3.0,1.0,1.0,1.0,1.0
6329,2013,92641,2.0,1.0,1.0,2.0,1.0
6338,2013,92650,7.0,3.0,1.0,1.0,1.0
6349,2013,92661,4.0,2.0,1.0,1.0,1.0
6355,2013,92667,2.0,1.0,2.0,2.0,1.0
6364,2013,92676,3.0,1.0,1.0,1.0,1.0
6367,2013,92679,4.0,1.0,1.0,1.0,1.0
6394,2013,92706,3.0,1.0,1.0,1.0,1.0
6402,2013,92714,3.0,1.0,1.0,2.0,1.0
6406,2013,92718,3.0,2.0,1.0,1.0,1.0
6409,2013,92721,4.0,1.0,2.0,2.0,1.0
6425,2013,92737,3.0,1.0,1.0,2.0,1.0
6432,2013,92744,4.0,2.0,1.0,1.0,1.0
6437,2013,92749,3.0,1.0,1.0,1.0,1.0
6464,2013,92776,6.0,3.0,1.0,1.0,1.0
6468,2013,92780,4.0,3.0,1.0,2.0,1.0
6471,2013,92783,2.0,1.0,1.0,1.0,1.0
6475,2013,92787,3.0,1.0,1.0,1.0,1.0
6491,2013,92803,5.0,3.0,1.0,1.0,1.0
6510,2013,92822,4.0,3.0,1.0,1.0,1.0
6512,2013,92824,5.0,3.0,1.0,1.0,1.0
6524,2013,92836,3.0,2.0,1.0,2.0,1.0
6528,2013,92840,3.0,2.0,1.0,1.0,1.0
6530,2013,92842,7.0,4.0,1.0,1.0,1.0
6538,2013,92850,5.0,3.0,1.0,1.0,1.0
6556,2013,92868,5.0,3.0,2.0,1.0,1.0
6557,2013,92869,7.0,4.0,1.0,1.0,1.0
6561,2013,92873,3.0,2.0,2.0,2.0,1.0
6570,2013,92882,7.0,4.0,1.0,1.0,1.0
6581,2013,92893,4.0,3.0,1.0,1.0,1.0
6588,2013,92900,4.0,3.0,1.0,1.0,1.0
6602,2013,92914,5.0,3.0,1.0,1.0,1.0
6642,2013,92954,4.0,3.0,2.0,1.0,1.0
6666,2013,92978,4.0,2.0,1.0,2.0,1.0
6670,2013,92982,5.0,3.0,2.0,2.0,1.0
6684,2013,92996,4.0,2.0,2.0,2.0,1.0
6709,2013,93021,3.0,2.0,1.0,1.0,1.0
6715,2013,93027,5.0,2.0,1.0,1.0,1.0
6720,2013,93032,4.0,2.0,1.0,2.0,1.0
6725,2013,93037,5.0,2.0,1.0,1.0,1.0
6763,2015,93075,5.0,3.0,1.0,1.0,1.0
6766,2015,93078,3.0,2.0,1.0,1.0,1.0
6777,2015,93089,3.0,1.0,1.0,1.0,1.0
6778,2015,93090,2.0,1.0,1.0,2.0,1.0
6787,2015,93099,3.0,1.0,1.0,1.0,1.0
6789,2015,93101,1.0,1.0,1.0,1.0,1.0
6792,2015,93104,3.0,1.0,1.0,1.0,1.0
6800,2015,93112,3.0,2.0,1.0,1.0,1.0
6803,2015,93115,4.0,2.0,1.0,1.0,1.0
6846,2015,93158,5.0,3.0,1.0,1.0,1.0
6848,2015,93160,3.0,1.0,1.0,1.0,1.0
6854,2015,93166,4.0,3.0,1.0,1.0,1.0
6868,2015,93180,5.0,3.0,1.0,1.0,1.0
6878,2015,93190,5.0,3.0,1.0,1.0,1.0
6881,2015,93193,4.0,1.0,1.0,1.0,1.0
6910,2015,93222,5.0,2.0,2.0,1.0,1.0
6956,2015,93268,5.0,3.0,2.0,2.0,1.0
6974,2015,93286,3.0,2.0,1.0,1.0,1.0
6977,2015,93289,4.0,3.0,1.0,1.0,1.0
6981,2015,93293,4.0,3.0,1.0,1.0,1.0
7007,2015,93319,2.0,1.0,1.0,1.0,1.0
7020,2015,93332,5.0,3.0,1.0,2.0,1.0
7032,2015,93344,3.0,1.0,2.0,2.0,1.0
7055,2015,93367,3.0,2.0,1.0,1.0,1.0
7065,2015,93377,5.0,3.0,1.0,1.0,1.0
7074,2015,93386,4.0,1.0,1.0,1.0,1.0
7077,2015,93389,4.0,2.0,1.0,2.0,1.0
7165,2015,93477,5.0,3.0,1.0,1.0,1.0
7172,2015,93484,5.0,2.0,1.0,1.0,1.0
7190,2015,93502,5.0,3.0,1.0,2.0,1.0
7208,2015,93520,6.0,2.0,1.0,1.0,1.0
7209,2015,93521,4.0,2.0,1.0,1.0,1.0
7232,2015,93544,2.0,1.0,1.0,1.0,1.0
7236,2015,93548,4.0,3.0,1.0,1.0,1.0
7256,2015,93568,3.0,1.0,1.0,1.0,1.0
7259,2015,93571,3.0,1.0,1.0,2.0,1.0
7280,2015,93592,2.0,1.0,1.0,1.0,1.0
7311,2015,93623,4.0,3.0,1.0,1.0,1.0
7321,2015,93633,5.0,3.0,1.0,1.0,1.0
7330,2015,93642,5.0,3.0,2.0,2.0,1.0
7344,2015,93656,4.0,2.0,1.0,1.0,1.0
7355,2015,93667,3.0,1.0,1.0,1.0,1.0
7359,2015,93671,3.0,1.0,1.0,1.0,1.0
7379,2015,93691,4.0,4.0,1.0,1.0,1.0
7403,2015,93715,6.0,3.0,1.0,1.0,1.0
7413,2015,93725,3.0,1.0,1.0,2.0,1.0
7424,2015,93736,4.0,2.0,1.0,1.0,1.0
7429,2015,93741,5.0,3.0,1.0,2.0,1.0
7480,2015,93792,5.0,3.0,1.0,1.0,1.0
7501,2015,93813,4.0,2.0,1.0,2.0,1.0
7520,2015,93832,3.0,2.0,1.0,1.0,1.0
7527,2015,93839,5.0,3.0,1.0,1.0,1.0
7535,2015,93847,5.0,3.0,1.0,1.0,1.0
7551,2015,93863,3.0,1.0,1.0,1.0,1.0
7567,2015,93879,7.0,3.0,1.0,2.0,1.0
7573,2015,93885,4.0,3.0,1.0,1.0,1.0
7576,2015,93888,4.0,3.0,1.0,2.0,1.0
7582,2015,93894,3.0,2.0,1.0,1.0,1.0
7584,2015,93896,4.0,2.0,1.0,2.0,1.0
7603,2015,93915,3.0,2.0,1.0,1.0,1.0
7606,2015,93918,5.0,2.0,1.0,1.0,1.0
7607,2015,93919,4.0,3.0,1.0,1.0,1.0
7612,2015,93924,4.0,3.0,1.0,1.0,1.0
7616,2015,93928,4.0,2.0,1.0,1.0,1.0
7631,2015,93943,4.0,2.0,1.0,1.0,1.0
7634,2015,93946,6.0,3.0,1.0,1.0,1.0
7635,2015,93947,5.0,3.0,1.0,1.0,1.0
7641,2015,93953,4.0,3.0,1.0,1.0,1.0
7648,2015,93960,3.0,2.0,1.0,1.0,1.0
7650,2015,93962,4.0,2.0,1.0,1.0,1.0
7654,2015,93966,4.0,3.0,1.0,2.0,1.0
7661,2015,93973,4.0,3.0,1.0,2.0,1.0
7662,2015,93974,4.0,1.0,1.0,1.0,1.0
7670,2015,93982,4.0,2.0,1.0,1.0,1.0
7682,2015,93994,3.0,2.0,1.0,1.0,1.0
7700,2015,94012,5.0,3.0,1.0,2.0,1.0
7702,2015,94014,4.0,2.0,1.0,2.0,1.0
7705,2015,94017,2.0,1.0,1.0,2.0,1.0
7709,2015,94021,4.0,3.0,1.0,1.0,1.0
7714,2015,94026,4.0,3.0,1.0,1.0,1.0
7724,2015,94036,4.0,2.0,2.0,1.0,1.0
7726,2015,94038,4.0,3.0,2.0,2.0,1.0
7754,2015,94066,4.0,3.0,1.0,1.0,1.0
7766,2015,94078,5.0,3.0,1.0,1.0,1.0
7786,2015,94098,4.0,3.0,1.0,1.0,1.0
7799,2015,94111,3.0,1.0,1.0,1.0,1.0
7808,2015,94120,5.0,3.0,1.0,1.0,1.0
7855,2015,94167,4.0,3.0,1.0,2.0,1.0
7895,2015,94207,4.0,3.0,1.0,1.0,1.0
7904,2015,94216,3.0,1.0,1.0,1.0,1.0
7907,2015,94219,6.0,3.0,1.0,2.0,1.0
7916,2015,94228,5.0,3.0,1.0,1.0,1.0
7917,2015,94229,5.0,3.0,1.0,1.0,1.0
7931,2015,94243,4.0,3.0,2.0,2.0,1.0
7960,2015,94272,4.0,3.0,1.0,1.0,1.0
7967,2015,94279,5.0,3.0,1.0,1.0,1.0
7979,2015,94291,3.0,1.0,1.0,1.0,1.0
7982,2015,94294,3.0,1.0,1.0,2.0,1.0
7993,2015,94305,3.0,1.0,2.0,2.0,1.0
8008,2015,94320,5.0,3.0,1.0,2.0,1.0
8010,2015,94322,4.0,3.0,2.0,1.0,1.0
8014,2015,94326,4.0,3.0,1.0,1.0,1.0
8048,2015,94360,5.0,3.0,1.0,1.0,1.0
8090,2015,94402,3.0,2.0,1.0,1.0,1.0
8108,2015,94420,3.0,1.0,1.0,1.0,1.0
8122,2015,94434,3.0,1.0,1.0,1.0,1.0
8124,2015,94436,3.0,1.0,1.0,1.0,1.0
8135,2015,94447,7.0,4.0,1.0,1.0,1.0
8154,2015,94466,4.0,2.0,1.0,2.0,1.0
8155,2015,94467,5.0,3.0,1.0,2.0,1.0
8171,2015,94483,7.0,3.0,2.0,2.0,1.0
8198,2015,94510,2.0,1.0,1.0,1.0,1.0
8215,2015,94527,5.0,3.0,1.0,1.0,1.0
8228,2015,94540,2.0,1.0,1.0,1.0,1.0
8243,2015,94555,5.0,3.0,1.0,1.0,1.0
8288,2015,94600,5.0,3.0,1.0,1.0,1.0
8290,2015,94602,5.0,4.0,2.0,2.0,1.0
8312,2015,94624,3.0,2.0,1.0,1.0,1.0
8313,2015,94625,3.0,1.0,1.0,1.0,1.0
8345,2015,94657,2.0,1.0,1.0,2.0,1.0
8354,2015,94666,4.0,2.0,1.0,1.0,1.0
8359,2015,94671,4.0,2.0,1.0,1.0,1.0
8380,2015,94692,4.0,2.0,1.0,1.0,1.0
8381,2015,94693,4.0,2.0,1.0,1.0,1.0
8389,2015,94701,4.0,3.0,1.0,1.0,1.0
8396,2015,94708,4.0,2.0,1.0,1.0,1.0
8397,2015,94709,3.0,2.0,1.0,1.0,1.0
8425,2015,94737,5.0,3.0,1.0,2.0,1.0
8447,2015,94759,4.0,2.0,1.0,1.0,1.0
8478,2015,94790,3.0,2.0,2.0,2.0,1.0
8496,2015,94808,4.0,2.0,1.0,1.0,1.0
8501,2015,94813,3.0,1.0,1.0,1.0,1.0
8506,2015,94818,5.0,3.0,1.0,1.0,1.0
8523,2015,94835,5.0,3.0,1.0,1.0,1.0
8525,2015,94837,3.0,2.0,1.0,2.0,1.0
8539,2015,94851,3.0,1.0,1.0,1.0,1.0
8545,2015,94857,4.0,2.0,1.0,1.0,1.0
8563,2015,94875,5.0,3.0,1.0,1.0,1.0
8565,2015,94877,4.0,2.0,1.0,1.0,1.0
8580,2015,94892,4.0,3.0,2.0,2.0,1.0
8593,2015,94905,4.0,2.0,1.0,2.0,1.0
8599,2015,94911,5.0,3.0,1.0,1.0,1.0
8621,2015,94933,4.0,2.0,1.0,1.0,1.0
8623,2015,94935,4.0,3.0,1.0,1.0,1.0
8637,2015,94949,4.0,1.0,1.0,1.0,1.0
8651,2015,94963,4.0,3.0,1.0,1.0,1.0
8678,2015,94990,5.0,3.0,1.0,1.0,1.0
8685,2015,94997,4.0,3.0,1.0,1.0,1.0
8756,2015,95068,4.0,3.0,1.0,1.0,1.0
8761,2015,95073,4.0,3.0,1.0,1.0,1.0
8783,2015,95095,4.0,3.0,1.0,1.0,1.0
8788,2015,95100,3.0,2.0,1.0,1.0,1.0
8806,2015,95118,3.0,1.0,1.0,1.0,1.0
8821,2015,95133,4.0,2.0,1.0,1.0,1.0
8824,2015,95136,5.0,3.0,2.0,2.0,1.0
8871,2015,95183,4.0,2.0,1.0,2.0,1.0
8875,2015,95187,3.0,1.0,1.0,1.0,1.0
8881,2015,95193,4.0,1.0,2.0,2.0,1.0
8901,2015,95213,5.0,1.0,1.0,1.0,1.0
8905,2015,95217,2.0,1.0,2.0,2.0,1.0
8941,2015,95253,5.0,3.0,2.0,2.0,1.0
8946,2015,95258,5.0,3.0,1.0,2.0,1.0
8958,2015,95270,5.0,3.0,1.0,1.0,1.0
8975,2015,95287,4.0,3.0,1.0,1.0,1.0
8981,2015,95293,5.0,2.0,1.0,1.0,1.0
9034,2015,95346,6.0,3.0,1.0,1.0,1.0
9054,2015,95366,5.0,3.0,1.0,1.0,1.0
9073,2015,95385,5.0,3.0,1.0,2.0,1.0
9074,2015,95386,5.0,3.0,1.0,1.0,1.0
9081,2015,95393,5.0,3.0,1.0,1.0,1.0
9144,2015,95456,2.0,1.0,1.0,1.0,1.0
9199,2015,95511,2.0,1.0,1.0,1.0,1.0
9222,2015,95534,5.0,3.0,1.0,1.0,1.0
9229,2015,95541,5.0,3.0,1.0,1.0,1.0
9245,2015,95557,4.0,2.0,1.0,1.0,1.0
9271,2015,95583,5.0,3.0,1.0,1.0,1.0
9280,2015,95592,4.0,2.0,1.0,1.0,1.0
9290,2015,95602,2.0,2.0,1.0,1.0,1.0
9307,2015,95619,2.0,1.0,1.0,1.0,1.0
9349,2015,95661,4.0,2.0,1.0,1.0,1.0
9351,2015,95663,5.0,3.0,1.0,1.0,1.0
9367,2015,95679,4.0,3.0,1.0,1.0,1.0
9374,2015,95686,4.0,2.0,1.0,2.0,1.0
9386,2015,95698,3.0,1.0,2.0,2.0,1.0
9419,2015,95731,3.0,1.0,1.0,2.0,1.0
9458,2015,95770,4.0,2.0,1.0,1.0,1.0
9473,2015,95785,5.0,3.0,1.0,1.0,1.0
9488,2015,95800,2.0,1.0,1.0,1.0,1.0
9490,2015,95802,3.0,1.0,1.0,1.0,1.0
9498,2015,95810,4.0,3.0,1.0,1.0,1.0
9508,2015,95820,3.0,2.0,1.0,1.0,1.0
9517,2015,95829,1.0,1.0,1.0,1.0,1.0
9522,2015,95834,3.0,1.0,1.0,1.0,1.0
9568,2015,95880,5.0,2.0,1.0,1.0,1.0
9576,2015,95888,2.0,1.0,1.0,1.0,1.0
9578,2015,95890,3.0,1.0,1.0,2.0,1.0
9591,2015,95903,5.0,3.0,1.0,1.0,1.0
9594,2015,95906,5.0,3.0,1.0,1.0,1.0
9600,2015,95912,6.0,3.0,1.0,1.0,1.0
9605,2015,95917,4.0,3.0,1.0,1.0,1.0
9609,2015,95921,4.0,1.0,2.0,2.0,1.0
9610,2015,95922,5.0,3.0,1.0,1.0,1.0
9648,2015,95960,4.0,3.0,1.0,1.0,1.0
9687,2015,95999,4.0,2.0,1.0,1.0,1.0
9733,2015,96045,7.0,3.0,2.0,2.0,1.0
9736,2015,96048,5.0,3.0,1.0,1.0,1.0
9779,2015,96091,5.0,3.0,1.0,1.0,1.0
9790,2015,96102,6.0,3.0,1.0,1.0,1.0
9817,2015,96129,4.0,2.0,1.0,1.0,1.0
9820,2015,96132,3.0,1.0,1.0,1.0,1.0
9845,2015,96157,4.0,2.0,1.0,1.0,1.0
9851,2015,96163,3.0,2.0,1.0,1.0,1.0
9876,2015,96188,3.0,1.0,1.0,2.0,1.0
9899,2015,96211,4.0,2.0,1.0,1.0,1.0
9901,2015,96213,6.0,2.0,2.0,2.0,1.0
9910,2015,96222,3.0,1.0,1.0,2.0,1.0
9920,2015,96232,5.0,2.0,1.0,2.0,1.0
9924,2015,96236,4.0,2.0,1.0,1.0,1.0
9939,2015,96251,2.0,1.0,1.0,1.0,1.0
9952,2015,96264,4.0,2.0,1.0,1.0,1.0
9976,2015,96288,4.0,2.0,2.0,2.0,1.0
9994,2015,96306,5.0,3.0,1.0,1.0,1.0
10002,2015,96314,5.0,3.0,1.0,1.0,1.0
10012,2015,96324,4.0,3.0,2.0,2.0,1.0
10021,2015,96333,4.0,1.0,1.0,2.0,1.0
10029,2015,96341,1.0,2.0,1.0,1.0,1.0
10030,2015,96342,4.0,2.0,1.0,1.0,1.0
10033,2015,96345,4.0,3.0,1.0,1.0,1.0
10052,2015,96364,4.0,2.0,1.0,1.0,1.0
10053,2015,96365,3.0,1.0,1.0,2.0,1.0
10054,2015,96366,3.0,2.0,2.0,1.0,1.0
10055,2015,96367,4.0,3.0,1.0,1.0,1.0
10113,2015,96425,4.0,3.0,1.0,2.0,1.0
10135,2015,96447,3.0,1.0,1.0,1.0,1.0
10140,2015,96452,4.0,2.0,1.0,1.0,1.0
10152,2015,96464,4.0,1.0,1.0,2.0,1.0
10156,2015,96468,3.0,1.0,1.0,2.0,1.0
10164,2015,96476,2.0,1.0,1.0,1.0,1.0
10170,2015,96482,5.0,3.0,1.0,1.0,1.0
10186,2015,96498,4.0,1.0,1.0,2.0,1.0
10207,2015,96519,2.0,1.0,1.0,1.0,1.0
10209,2015,96521,2.0,1.0,1.0,2.0,1.0
10211,2015,96523,7.0,3.0,1.0,1.0,1.0
10219,2015,96531,4.0,2.0,1.0,1.0,1.0
10220,2015,96532,5.0,1.0,1.0,1.0,1.0
10238,2015,96550,3.0,2.0,1.0,1.0,1.0
10245,2015,96557,5.0,2.0,1.0,1.0,1.0
10248,2015,96560,4.0,2.0,1.0,2.0,1.0
10261,2015,96573,5.0,2.0,1.0,1.0,1.0
10263,2015,96575,4.0,2.0,1.0,1.0,1.0
10309,2015,96621,4.0,2.0,1.0,1.0,1.0
10311,2015,96623,7.0,3.0,1.0,1.0,1.0
10343,2015,96655,4.0,2.0,1.0,1.0,1.0
10345,2015,96657,4.0,3.0,1.0,1.0,1.0
10347,2015,96659,5.0,3.0,1.0,1.0,1.0
10365,2015,96677,4.0,1.0,2.0,2.0,1.0
10373,2015,96685,2.0,1.0,1.0,2.0,1.0
10379,2015,96691,3.0,2.0,1.0,1.0,1.0
10380,2015,96692,5.0,3.0,1.0,1.0,1.0
10393,2015,96705,6.0,3.0,1.0,1.0,1.0
10395,2015,96707,5.0,3.0,1.0,1.0,1.0
10456,2015,96768,3.0,2.0,1.0,1.0,1.0
10476,2015,96788,4.0,3.0,1.0,1.0,1.0
10488,2015,96800,5.0,3.0,1.0,1.0,1.0
10508,2015,96820,5.0,3.0,1.0,1.0,1.0
10521,2015,96833,5.0,3.0,1.0,1.0,1.0
10574,2015,96886,3.0,1.0,1.0,2.0,1.0
10583,2015,96895,5.0,3.0,1.0,1.0,1.0
10589,2015,96901,3.0,2.0,2.0,2.0,1.0
10608,2015,96920,5.0,3.0,1.0,1.0,1.0
10654,2015,96966,3.0,2.0,1.0,2.0,1.0
10667,2015,96979,5.0,3.0,1.0,1.0,1.0
10679,2015,96991,5.0,2.0,1.0,1.0,1.0
10686,2015,96998,5.0,3.0,1.0,2.0,1.0
10701,2015,97013,2.0,1.0,1.0,2.0,1.0
10713,2015,97025,6.0,3.0,1.0,1.0,1.0
10714,2015,97026,3.0,1.0,1.0,1.0,1.0
10719,2015,97031,3.0,2.0,1.0,1.0,1.0
10726,2015,97038,5.0,3.0,1.0,1.0,1.0
10735,2015,97047,2.0,1.0,1.0,1.0,1.0
10737,2015,97049,3.0,1.0,1.0,2.0,1.0
10750,2015,97062,5.0,3.0,1.0,1.0,1.0
10763,2015,97075,2.0,1.0,2.0,2.0,1.0
10767,2015,97079,2.0,1.0,2.0,2.0,1.0
10771,2015,97083,2.0,1.0,1.0,1.0,1.0
10789,2015,97101,3.0,2.0,1.0,1.0,1.0
10792,2015,97104,5.0,3.0,2.0,2.0,1.0
10797,2015,97109,5.0,3.0,1.0,1.0,1.0
10800,2015,97112,3.0,2.0,1.0,1.0,1.0
10810,2015,97122,4.0,2.0,1.0,1.0,1.0
10813,2015,97125,3.0,1.0,1.0,1.0,1.0
10830,2015,97142,4.0,3.0,1.0,1.0,1.0
10840,2015,97152,5.0,3.0,1.0,1.0,1.0
10842,2015,97154,4.0,2.0,1.0,2.0,1.0
10847,2015,97159,2.0,1.0,1.0,1.0,1.0
10853,2015,97165,3.0,2.0,1.0,1.0,1.0
10867,2015,97179,3.0,1.0,1.0,1.0,1.0
10899,2015,97211,4.0,2.0,1.0,1.0,1.0
10909,2015,97221,5.0,3.0,1.0,2.0,1.0
10913,2015,97225,5.0,3.0,1.0,1.0,1.0
10916,2015,97228,5.0,2.0,1.0,1.0,1.0
10929,2015,97241,6.0,3.0,1.0,1.0,1.0
10964,2015,97276,4.0,1.0,1.0,1.0,1.0
10980,2015,97292,4.0,2.0,1.0,1.0,1.0
10981,2015,97293,3.0,1.0,1.0,1.0,1.0
10993,2015,97305,4.0,2.0,1.0,2.0,1.0
10996,2015,97308,4.0,2.0,1.0,1.0,1.0
11012,2015,97324,3.0,1.0,1.0,1.0,1.0
11017,2015,97329,3.0,1.0,1.0,1.0,1.0
11044,2015,97356,6.0,3.0,1.0,1.0,1.0
11046,2015,97358,4.0,2.0,1.0,1.0,1.0
11054,2015,97366,4.0,3.0,1.0,1.0,1.0
11104,2015,97416,4.0,2.0,1.0,1.0,1.0
11113,2015,97425,4.0,3.0,1.0,1.0,1.0
11118,2015,97430,4.0,2.0,1.0,1.0,1.0
11121,2015,97433,4.0,1.0,1.0,2.0,1.0
11134,2015,97446,5.0,3.0,1.0,1.0,1.0
11138,2015,97450,4.0,2.0,1.0,1.0,1.0
11139,2015,97451,4.0,3.0,1.0,1.0,1.0
11153,2015,97465,5.0,3.0,1.0,2.0,1.0
11212,2015,97524,4.0,2.0,2.0,2.0,1.0
11224,2015,97536,3.0,2.0,1.0,1.0,1.0
11227,2015,97539,4.0,1.0,1.0,2.0,1.0
11246,2015,97558,4.0,2.0,1.0,1.0,1.0
11248,2015,97560,4.0,3.0,1.0,1.0,1.0
11250,2015,97562,4.0,2.0,1.0,1.0,1.0
11260,2015,97572,3.0,1.0,2.0,2.0,1.0
11291,2015,97603,4.0,3.0,1.0,1.0,1.0
11331,2015,97643,5.0,3.0,1.0,1.0,1.0
11333,2015,97645,4.0,3.0,2.0,2.0,1.0
11387,2015,97699,2.0,1.0,1.0,1.0,1.0
11389,2015,97701,5.0,3.0,1.0,1.0,1.0
11409,2015,97721,5.0,3.0,1.0,1.0,1.0
11447,2015,97759,4.0,3.0,1.0,2.0,1.0
11452,2015,97764,2.0,1.0,1.0,2.0,1.0
11456,2015,97768,3.0,1.0,1.0,1.0,1.0
11479,2015,97791,2.0,1.0,1.0,2.0,1.0
11519,2015,97831,3.0,1.0,1.0,1.0,1.0
11547,2015,97859,2.0,1.0,1.0,1.0,1.0
11562,2015,97874,5.0,3.0,1.0,1.0,1.0
11567,2015,97879,4.0,2.0,1.0,1.0,1.0
11577,2015,97889,4.0,2.0,1.0,1.0,1.0
11584,2015,97896,4.0,3.0,1.0,1.0,1.0
11598,2015,97910,4.0,2.0,1.0,1.0,1.0
11599,2015,97911,3.0,1.0,1.0,1.0,1.0
11619,2015,97931,4.0,3.0,1.0,1.0,1.0
11635,2015,97947,4.0,2.0,2.0,1.0,1.0
11653,2015,97965,5.0,2.0,1.0,2.0,1.0
11679,2015,97991,2.0,1.0,1.0,1.0,1.0
11695,2015,98007,4.0,3.0,1.0,1.0,1.0
11701,2015,98013,5.0,3.0,1.0,1.0,1.0
11703,2015,98015,5.0,3.0,1.0,1.0,1.0
11713,2015,98025,2.0,2.0,1.0,1.0,1.0
11730,2015,98042,6.0,3.0,1.0,2.0,1.0
11768,2015,98080,2.0,1.0,1.0,1.0,1.0
11800,2015,98112,3.0,1.0,1.0,1.0,1.0
11807,2015,98119,4.0,1.0,1.0,1.0,1.0
11815,2015,98127,3.0,1.0,2.0,2.0,1.0
11825,2015,98137,4.0,2.0,1.0,1.0,1.0
11841,2015,98153,4.0,3.0,1.0,1.0,1.0
11851,2015,98163,4.0,3.0,2.0,1.0,1.0
11854,2015,98166,4.0,3.0,1.0,1.0,1.0
11857,2015,98169,4.0,3.0,1.0,2.0,1.0
11906,2015,98218,5.0,3.0,1.0,2.0,1.0
11914,2015,98226,3.0,2.0,2.0,2.0,1.0
11967,2015,98279,3.0,2.0,1.0,1.0,1.0
11995,2015,98307,3.0,2.0,1.0,1.0,1.0
12046,2015,98358,4.0,1.0,1.0,1.0,1.0
12062,2015,98374,3.0,1.0,1.0,1.0,1.0
12066,2015,98378,5.0,3.0,1.0,1.0,1.0
12075,2015,98387,2.0,1.0,1.0,1.0,1.0
12085,2015,98397,3.0,2.0,2.0,2.0,1.0
12098,2015,98410,3.0,2.0,1.0,1.0,1.0
12107,2015,98419,5.0,3.0,1.0,1.0,1.0
12117,2015,98429,4.0,3.0,1.0,1.0,1.0
12127,2015,98439,4.0,2.0,1.0,1.0,1.0
12147,2015,98459,4.0,3.0,1.0,1.0,1.0
12150,2015,98462,2.0,1.0,2.0,1.0,1.0
12160,2015,98472,3.0,2.0,2.0,2.0,1.0
12168,2015,98480,4.0,2.0,1.0,1.0,1.0
12169,2015,98481,5.0,3.0,1.0,2.0,1.0
12209,2015,98521,4.0,3.0,1.0,1.0,1.0
12220,2015,98532,5.0,2.0,2.0,2.0,1.0
12221,2015,98533,5.0,3.0,1.0,1.0,1.0
12243,2015,98555,3.0,1.0,1.0,1.0,1.0
12268,2015,98580,3.0,2.0,1.0,1.0,1.0
12299,2015,98611,4.0,2.0,1.0,1.0,1.0
12313,2015,98625,3.0,2.0,1.0,1.0,1.0
12349,2015,98661,5.0,3.0,1.0,1.0,1.0
12371,2015,98683,3.0,2.0,1.0,1.0,1.0
12372,2015,98684,3.0,2.0,1.0,1.0,1.0
12383,2015,98695,3.0,2.0,1.0,1.0,1.0
12389,2015,98701,5.0,2.0,1.0,2.0,1.0
12391,2015,98703,4.0,2.0,1.0,1.0,1.0
12415,2015,98727,3.0,1.0,2.0,2.0,1.0
12425,2015,98737,3.0,1.0,1.0,1.0,1.0
12426,2015,98738,3.0,1.0,1.0,1.0,1.0
12432,2015,98744,3.0,2.0,1.0,1.0,1.0
12446,2015,98758,5.0,2.0,1.0,1.0,1.0
12455,2015,98767,3.0,1.0,1.0,2.0,1.0
12457,2015,98769,3.0,1.0,1.0,1.0,1.0
12464,2015,98776,5.0,3.0,1.0,1.0,1.0
12475,2015,98787,5.0,3.0,1.0,1.0,1.0
12479,2015,98791,3.0,2.0,1.0,1.0,1.0
12488,2015,98800,3.0,2.0,1.0,2.0,1.0
12511,2015,98823,4.0,3.0,1.0,1.0,1.0
12543,2015,98855,3.0,1.0,1.0,2.0,1.0
12544,2015,98856,4.0,3.0,1.0,1.0,1.0
12547,2015,98859,3.0,1.0,1.0,2.0,1.0
12548,2015,98860,2.0,1.0,1.0,2.0,1.0
12566,2015,98878,3.0,2.0,1.0,1.0,1.0
12571,2015,98883,3.0,1.0,1.0,1.0,1.0
12577,2015,98889,5.0,3.0,1.0,1.0,1.0
12585,2015,98897,4.0,2.0,1.0,1.0,1.0
12594,2015,98906,4.0,2.0,1.0,1.0,1.0
12595,2015,98907,4.0,2.0,1.0,1.0,1.0
12622,2015,98934,3.0,2.0,1.0,2.0,1.0
12623,2015,98935,4.0,2.0,1.0,2.0,1.0
12635,2017,98947,4.0,3.0,1.0,1.0,1.0
12647,2017,98959,4.0,2.0,1.0,1.0,1.0
12662,2017,98974,4.0,3.0,1.0,1.0,1.0
12665,2017,98977,4.0,3.0,1.0,1.0,1.0
12666,2017,98978,6.0,3.0,1.0,2.0,1.0
12667,2017,98979,4.0,3.0,1.0,1.0,1.0
12671,2017,98983,4.0,2.0,1.0,1.0,1.0
12684,2017,98996,5.0,3.0,1.0,1.0,1.0
12728,2017,99040,4.0,2.0,1.0,1.0,1.0
12734,2017,99046,2.0,1.0,1.0,1.0,1.0
12737,2017,99049,1.0,1.0,1.0,1.0,1.0
12739,2017,99051,7.0,4.0,1.0,1.0,1.0
12757,2017,99069,4.0,3.0,1.0,1.0,1.0
12758,2017,99070,5.0,3.0,1.0,1.0,1.0
12760,2017,99072,4.0,2.0,1.0,1.0,1.0
12762,2017,99074,3.0,1.0,1.0,1.0,1.0
12791,2017,99103,5.0,3.0,1.0,1.0,1.0
12796,2017,99108,3.0,2.0,1.0,1.0,1.0
12819,2017,99131,5.0,3.0,1.0,1.0,1.0
12858,2017,99170,4.0,2.0,1.0,1.0,1.0
12939,2017,99251,5.0,2.0,1.0,1.0,1.0
12965,2017,99277,4.0,2.0,1.0,1.0,1.0
12972,2017,99284,3.0,2.0,1.0,1.0,1.0
12988,2017,99300,6.0,3.0,1.0,1.0,1.0
12991,2017,99303,3.0,2.0,1.0,1.0,1.0
13009,2017,99321,3.0,2.0,1.0,1.0,1.0
13023,2017,99335,5.0,3.0,1.0,1.0,1.0
13027,2017,99339,4.0,3.0,1.0,1.0,1.0
13030,2017,99342,7.0,1.0,2.0,1.0,1.0
13069,2017,99381,5.0,3.0,1.0,1.0,1.0
13074,2017,99386,2.0,1.0,1.0,1.0,1.0
13080,2017,99392,2.0,1.0,1.0,2.0,1.0
13083,2017,99395,4.0,1.0,1.0,1.0,1.0
13088,2017,99400,4.0,3.0,1.0,2.0,1.0
13099,2017,99411,3.0,1.0,1.0,1.0,1.0
13109,2017,99421,4.0,3.0,1.0,1.0,1.0
13114,2017,99426,3.0,2.0,1.0,2.0,1.0
13128,2017,99440,4.0,2.0,1.0,1.0,1.0
13152,2017,99464,3.0,2.0,1.0,2.0,1.0
13153,2017,99465,4.0,2.0,1.0,2.0,1.0
13154,2017,99466,3.0,2.0,1.0,2.0,1.0
13162,2017,99474,5.0,3.0,1.0,1.0,1.0
13170,2017,99482,6.0,3.0,1.0,1.0,1.0
13178,2017,99490,3.0,2.0,1.0,1.0,1.0
13185,2017,99497,4.0,4.0,1.0,1.0,1.0
13196,2017,99508,4.0,2.0,1.0,1.0,1.0
13197,2017,99509,3.0,2.0,1.0,1.0,1.0
13198,2017,99510,3.0,2.0,1.0,1.0,1.0
13244,2017,99556,3.0,2.0,1.0,1.0,1.0
13283,2017,99595,4.0,1.0,1.0,1.0,1.0
13291,2017,99603,3.0,2.0,1.0,2.0,1.0
13305,2017,99617,4.0,2.0,1.0,2.0,1.0
13314,2017,99626,4.0,2.0,1.0,2.0,1.0
13321,2017,99633,4.0,1.0,1.0,1.0,1.0
13333,2017,99645,5.0,3.0,1.0,1.0,1.0
13353,2017,99665,2.0,1.0,1.0,2.0,1.0
13358,2017,99670,2.0,1.0,1.0,1.0,1.0
13382,2017,99694,4.0,1.0,2.0,1.0,1.0
13388,2017,99700,7.0,1.0,1.0,2.0,1.0
13408,2017,99720,5.0,3.0,2.0,2.0,1.0
13444,2017,99756,4.0,3.0,1.0,1.0,1.0
13449,2017,99761,5.0,3.0,1.0,2.0,1.0
13450,2017,99762,5.0,3.0,1.0,1.0,1.0
13468,2017,99780,4.0,2.0,1.0,2.0,1.0
13474,2017,99786,3.0,1.0,1.0,1.0,1.0
13505,2017,99817,5.0,3.0,1.0,1.0,1.0
13511,2017,99823,2.0,1.0,1.0,2.0,1.0
13518,2017,99830,4.0,3.0,1.0,2.0,1.0
13538,2017,99850,4.0,3.0,2.0,2.0,1.0
13545,2017,99857,3.0,2.0,1.0,1.0,1.0
13568,2017,99880,4.0,2.0,1.0,1.0,1.0
13592,2017,99904,2.0,1.0,1.0,1.0,1.0
13637,2017,99949,3.0,1.0,1.0,1.0,1.0
13645,2017,99957,4.0,3.0,1.0,1.0,1.0
13706,2017,100018,4.0,2.0,1.0,1.0,1.0
13720,2017,100032,2.0,1.0,1.0,2.0,1.0
13730,2017,100042,3.0,2.0,1.0,1.0,1.0
13731,2017,100043,3.0,2.0,1.0,1.0,1.0
13735,2017,100047,5.0,3.0,1.0,1.0,1.0
13737,2017,100049,5.0,3.0,2.0,2.0,1.0
13743,2017,100055,4.0,2.0,1.0,1.0,1.0
13761,2017,100073,3.0,1.0,1.0,1.0,1.0
13769,2017,100081,2.0,1.0,1.0,1.0,1.0
13809,2017,100121,5.0,3.0,1.0,1.0,1.0
13866,2017,100178,3.0,2.0,1.0,1.0,1.0
13868,2017,100180,4.0,2.0,1.0,1.0,1.0
13873,2017,100185,3.0,3.0,2.0,1.0,1.0
13884,2017,100196,5.0,3.0,1.0,1.0,1.0
13893,2017,100205,5.0,3.0,1.0,1.0,1.0
13919,2017,100231,5.0,3.0,1.0,1.0,1.0
13967,2017,100279,5.0,3.0,1.0,1.0,1.0
13990,2017,100302,5.0,3.0,1.0,1.0,1.0
14009,2017,100321,4.0,2.0,1.0,2.0,1.0
14010,2017,100322,3.0,2.0,1.0,2.0,1.0
14033,2017,100345,3.0,1.0,1.0,1.0,1.0
14034,2017,100346,4.0,1.0,1.0,2.0,1.0
14040,2017,100352,3.0,1.0,1.0,1.0,1.0
14056,2017,100368,4.0,2.0,1.0,1.0,1.0
14061,2017,100373,3.0,3.0,1.0,2.0,1.0
14070,2017,100382,5.0,3.0,1.0,1.0,1.0
14074,2017,100386,4.0,3.0,1.0,1.0,1.0
14080,2017,100392,3.0,1.0,1.0,1.0,1.0
14084,2017,100396,3.0,1.0,2.0,2.0,1.0
14087,2017,100399,4.0,3.0,2.0,2.0,1.0
14120,2017,100432,2.0,1.0,2.0,2.0,1.0
14127,2017,100439,5.0,3.0,1.0,1.0,1.0
14133,2017,100445,3.0,1.0,1.0,1.0,1.0
14137,2017,100449,5.0,3.0,2.0,2.0,1.0
14177,2017,100489,4.0,2.0,1.0,1.0,1.0
14179,2017,100491,3.0,2.0,1.0,1.0,1.0
14184,2017,100496,5.0,2.0,2.0,1.0,1.0
14193,2017,100505,3.0,2.0,1.0,1.0,1.0
14205,2017,100517,4.0,3.0,1.0,1.0,1.0
14221,2017,100533,4.0,2.0,1.0,1.0,1.0
14224,2017,100536,5.0,3.0,1.0,2.0,1.0
14225,2017,100537,5.0,1.0,1.0,1.0,1.0
14230,2017,100542,5.0,3.0,1.0,1.0,1.0
14231,2017,100543,5.0,3.0,1.0,2.0,1.0
14238,2017,100550,4.0,2.0,1.0,1.0,1.0
14279,2017,100591,3.0,1.0,1.0,1.0,1.0
14313,2017,100625,3.0,2.0,1.0,2.0,1.0
14321,2017,100633,4.0,2.0,1.0,1.0,1.0
14333,2017,100645,4.0,3.0,1.0,1.0,1.0
14340,2017,100652,2.0,1.0,1.0,1.0,1.0
14342,2017,100654,4.0,2.0,1.0,2.0,1.0
14363,2017,100675,3.0,2.0,1.0,1.0,1.0
14372,2017,100684,3.0,1.0,1.0,1.0,1.0
14408,2017,100720,3.0,1.0,1.0,2.0,1.0
14414,2017,100726,7.0,1.0,1.0,1.0,1.0
14429,2017,100741,4.0,3.0,1.0,1.0,1.0
14437,2017,100749,1.0,1.0,1.0,1.0,1.0
14447,2017,100759,5.0,3.0,1.0,1.0,1.0
14453,2017,100765,1.0,1.0,1.0,1.0,1.0
14458,2017,100770,4.0,3.0,1.0,1.0,1.0
14460,2017,100772,4.0,3.0,1.0,2.0,1.0
14474,2017,100786,4.0,2.0,1.0,1.0,1.0
14495,2017,100807,4.0,2.0,1.0,1.0,1.0
14506,2017,100818,4.0,2.0,2.0,2.0,1.0
14519,2017,100831,3.0,2.0,1.0,1.0,1.0
14525,2017,100837,5.0,3.0,1.0,1.0,1.0
14573,2017,100885,5.0,3.0,2.0,2.0,1.0
14584,2017,100896,2.0,1.0,2.0,2.0,1.0
14602,2017,100914,2.0,1.0,1.0,2.0,1.0
14603,2017,100915,3.0,1.0,1.0,2.0,1.0
14633,2017,100945,5.0,3.0,1.0,1.0,1.0
14643,2017,100955,3.0,1.0,1.0,1.0,1.0
14675,2017,100987,5.0,3.0,1.0,1.0,1.0
14724,2017,101036,5.0,2.0,1.0,1.0,1.0
14744,2017,101056,4.0,1.0,1.0,2.0,1.0
14757,2017,101069,4.0,2.0,1.0,1.0,1.0
14763,2017,101075,3.0,2.0,1.0,2.0,1.0
14766,2017,101078,4.0,2.0,1.0,1.0,1.0
14767,2017,101079,3.0,2.0,1.0,2.0,1.0
14770,2017,101082,2.0,1.0,1.0,1.0,1.0
14777,2017,101089,4.0,3.0,1.0,1.0,1.0
14796,2017,101108,3.0,1.0,2.0,1.0,1.0
14802,2017,101114,3.0,1.0,1.0,2.0,1.0
14804,2017,101116,4.0,2.0,1.0,1.0,1.0
14836,2017,101148,4.0,3.0,1.0,1.0,1.0
14837,2017,101149,4.0,2.0,1.0,1.0,1.0
14847,2017,101159,5.0,3.0,1.0,1.0,1.0
14858,2017,101170,3.0,1.0,1.0,1.0,1.0
14859,2017,101171,4.0,2.0,1.0,1.0,1.0
14860,2017,101172,4.0,2.0,1.0,2.0,1.0
14869,2017,101181,4.0,2.0,1.0,2.0,1.0
14881,2017,101193,4.0,2.0,1.0,1.0,1.0
14886,2017,101198,5.0,3.0,1.0,1.0,1.0
14890,2017,101202,6.0,3.0,1.0,1.0,1.0
14895,2017,101207,5.0,3.0,1.0,1.0,1.0
14902,2017,101214,5.0,3.0,1.0,1.0,1.0
14904,2017,101216,4.0,3.0,1.0,1.0,1.0
14924,2017,101236,4.0,2.0,2.0,2.0,1.0
14926,2017,101238,4.0,3.0,1.0,2.0,1.0
14946,2017,101258,5.0,3.0,1.0,2.0,1.0
14970,2017,101282,5.0,3.0,1.0,1.0,1.0
14971,2017,101283,4.0,1.0,1.0,1.0,1.0
14977,2017,101289,4.0,3.0,1.0,1.0,1.0
14979,2017,101291,5.0,3.0,1.0,1.0,1.0
14996,2017,101308,3.0,1.0,1.0,1.0,1.0
15021,2017,101333,3.0,1.0,1.0,1.0,1.0
15022,2017,101334,4.0,2.0,1.0,1.0,1.0
15037,2017,101349,5.0,3.0,1.0,1.0,1.0
15039,2017,101351,4.0,2.0,1.0,1.0,1.0
15047,2017,101359,3.0,3.0,1.0,1.0,1.0
15049,2017,101361,3.0,1.0,1.0,1.0,1.0
15054,2017,101366,5.0,3.0,2.0,1.0,1.0
15080,2017,101392,4.0,3.0,1.0,1.0,1.0
15086,2017,101398,3.0,2.0,1.0,1.0,1.0
15106,2017,101418,2.0,1.0,2.0,2.0,1.0
15116,2017,101428,6.0,3.0,2.0,1.0,1.0
15117,2017,101429,5.0,3.0,1.0,2.0,1.0
15137,2017,101449,7.0,4.0,1.0,1.0,1.0
15145,2017,101457,4.0,2.0,1.0,1.0,1.0
15221,2017,101533,3.0,1.0,1.0,2.0,1.0
15239,2017,101551,5.0,3.0,1.0,1.0,1.0
15245,2017,101557,2.0,1.0,1.0,1.0,1.0
15247,2017,101559,3.0,2.0,1.0,1.0,1.0
15251,2017,101563,4.0,2.0,2.0,2.0,1.0
15255,2017,101567,4.0,3.0,1.0,1.0,1.0
15267,2017,101579,5.0,3.0,1.0,1.0,1.0
15269,2017,101581,5.0,3.0,1.0,2.0,1.0
15273,2017,101585,3.0,2.0,1.0,1.0,1.0
15280,2017,101592,6.0,3.0,1.0,1.0,1.0
15296,2017,101608,7.0,4.0,1.0,1.0,1.0
15301,2017,101613,2.0,1.0,1.0,1.0,1.0
15314,2017,101626,5.0,3.0,1.0,1.0,1.0
15340,2017,101652,3.0,1.0,1.0,1.0,1.0
15354,2017,101666,4.0,3.0,1.0,1.0,1.0
15357,2017,101669,3.0,1.0,1.0,1.0,1.0
15364,2017,101676,3.0,1.0,1.0,1.0,1.0
15369,2017,101681,4.0,3.0,1.0,1.0,1.0
15391,2017,101703,3.0,2.0,2.0,1.0,1.0
15397,2017,101709,4.0,2.0,2.0,2.0,1.0
15400,2017,101712,2.0,1.0,1.0,1.0,1.0
15401,2017,101713,4.0,3.0,1.0,1.0,1.0
15473,2017,101785,6.0,3.0,1.0,2.0,1.0
15509,2017,101821,5.0,3.0,1.0,1.0,1.0
15520,2017,101832,1.0,1.0,1.0,1.0,1.0
15537,2017,101849,4.0,3.0,1.0,1.0,1.0
15553,2017,101865,3.0,1.0,1.0,1.0,1.0
15595,2017,101907,5.0,2.0,1.0,1.0,1.0
15606,2017,101918,4.0,2.0,1.0,1.0,1.0
15613,2017,101925,5.0,3.0,1.0,1.0,1.0
15622,2017,101934,4.0,2.0,1.0,1.0,1.0
15659,2017,101971,1.0,4.0,1.0,1.0,1.0
15661,2017,101973,7.0,4.0,1.0,1.0,1.0
15670,2017,101982,5.0,3.0,1.0,2.0,1.0
15671,2017,101983,5.0,3.0,1.0,1.0,1.0
15686,2017,101998,4.0,3.0,1.0,1.0,1.0
15690,2017,102002,2.0,1.0,1.0,1.0,1.0
15694,2017,102006,5.0,3.0,1.0,1.0,1.0
15696,2017,102008,2.0,1.0,1.0,1.0,1.0
15723,2017,102035,3.0,2.0,1.0,1.0,1.0
15729,2017,102041,3.0,1.0,1.0,1.0,1.0
15754,2017,102066,4.0,3.0,1.0,1.0,1.0
15764,2017,102076,7.0,1.0,1.0,2.0,1.0
15782,2017,102094,3.0,2.0,1.0,1.0,1.0
15786,2017,102098,3.0,1.0,2.0,2.0,1.0
15802,2017,102114,3.0,2.0,1.0,1.0,1.0
15813,2017,102125,2.0,1.0,1.0,1.0,1.0
15814,2017,102126,2.0,1.0,1.0,1.0,1.0
15833,2017,102145,4.0,2.0,1.0,1.0,1.0
15847,2017,102159,4.0,2.0,1.0,1.0,1.0
15882,2017,102194,4.0,2.0,1.0,1.0,1.0
15884,2017,102196,3.0,2.0,2.0,2.0,1.0
15887,2017,102199,5.0,3.0,1.0,1.0,1.0
15895,2017,102207,4.0,3.0,2.0,2.0,1.0
15896,2017,102208,4.0,2.0,1.0,1.0,1.0
15913,2017,102225,3.0,1.0,1.0,1.0,1.0
15930,2017,102242,3.0,1.0,1.0,1.0,1.0
15966,2017,102278,4.0,3.0,1.0,1.0,1.0
15979,2017,102291,5.0,3.0,1.0,2.0,1.0
15986,2017,102298,3.0,1.0,1.0,2.0,1.0
15993,2017,102305,3.0,1.0,1.0,1.0,1.0
16015,2017,102327,4.0,3.0,1.0,1.0,1.0
16028,2017,102340,3.0,1.0,1.0,1.0,1.0
16063,2017,102375,4.0,2.0,1.0,1.0,1.0
16071,2017,102383,5.0,3.0,1.0,1.0,1.0
16080,2017,102392,4.0,2.0,1.0,2.0,1.0
16112,2017,102424,4.0,1.0,1.0,1.0,1.0
16124,2017,102436,4.0,3.0,1.0,1.0,1.0
16129,2017,102441,3.0,2.0,1.0,1.0,1.0
16149,2017,102461,6.0,3.0,1.0,2.0,1.0
16156,2017,102468,4.0,3.0,1.0,1.0,1.0
16166,2017,102478,4.0,2.0,1.0,1.0,1.0
16190,2017,102502,6.0,3.0,1.0,1.0,1.0
16191,2017,102503,5.0,2.0,2.0,2.0,1.0
16194,2017,102506,4.0,2.0,1.0,1.0,1.0
16205,2017,102517,3.0,1.0,1.0,2.0,1.0
16229,2017,102541,3.0,2.0,1.0,1.0,1.0
16230,2017,102542,5.0,2.0,1.0,2.0,1.0
16243,2017,102555,3.0,1.0,1.0,1.0,1.0
16252,2017,102564,4.0,3.0,1.0,1.0,1.0
16267,2017,102579,3.0,1.0,1.0,2.0,1.0
16293,2017,102605,3.0,1.0,2.0,2.0,1.0
16316,2017,102628,4.0,3.0,1.0,1.0,1.0
16329,2017,102641,4.0,3.0,1.0,1.0,1.0
16348,2017,102660,3.0,2.0,1.0,1.0,1.0
16354,2017,102666,5.0,3.0,1.0,1.0,1.0
16376,2017,102688,4.0,2.0,1.0,1.0,1.0
16386,2017,102698,5.0,2.0,2.0,1.0,1.0
16393,2017,102705,5.0,3.0,1.0,1.0,1.0
16406,2017,102718,4.0,3.0,1.0,1.0,1.0
16414,2017,102726,4.0,2.0,2.0,2.0,1.0
16417,2017,102729,5.0,3.0,1.0,2.0,1.0
16426,2017,102738,4.0,2.0,1.0,1.0,1.0
16430,2017,102742,5.0,3.0,1.0,1.0,1.0
16440,2017,102752,3.0,2.0,1.0,1.0,1.0
16466,2017,102778,4.0,2.0,1.0,1.0,1.0
16477,2017,102789,2.0,1.0,1.0,2.0,1.0
16498,2017,102810,3.0,1.0,1.0,1.0,1.0
16516,2017,102828,5.0,3.0,1.0,2.0,1.0
16543,2017,102855,3.0,2.0,1.0,1.0,1.0
16558,2017,102870,4.0,3.0,1.0,1.0,1.0
16574,2017,102886,6.0,3.0,1.0,1.0,1.0
16588,2017,102900,5.0,3.0,1.0,1.0,1.0
16591,2017,102903,4.0,2.0,1.0,1.0,1.0
16609,2017,102921,3.0,2.0,1.0,2.0,1.0
16622,2017,102934,5.0,3.0,1.0,1.0,1.0
16654,2017,102966,4.0,3.0,1.0,1.0,1.0
16667,2017,102979,4.0,1.0,1.0,1.0,1.0
16681,2017,102993,4.0,2.0,1.0,2.0,1.0
16685,2017,102997,4.0,2.0,1.0,1.0,1.0
16701,2017,103013,5.0,3.0,1.0,2.0,1.0
16704,2017,103016,4.0,2.0,1.0,1.0,1.0
16706,2017,103018,4.0,2.0,1.0,1.0,1.0
16737,2017,103049,5.0,3.0,1.0,1.0,1.0
16738,2017,103050,5.0,2.0,1.0,1.0,1.0
16739,2017,103051,4.0,2.0,1.0,2.0,1.0
16754,2017,103066,3.0,1.0,1.0,1.0,1.0
16772,2017,103084,4.0,2.0,1.0,1.0,1.0
16779,2017,103091,4.0,2.0,1.0,1.0,1.0
16788,2017,103100,3.0,2.0,1.0,1.0,1.0
16814,2017,103126,3.0,1.0,1.0,1.0,1.0
16826,2017,103138,5.0,3.0,1.0,2.0,1.0
16878,2017,103190,1.0,3.0,1.0,1.0,1.0
16894,2017,103206,4.0,2.0,1.0,2.0,1.0
16927,2017,103239,5.0,3.0,1.0,1.0,1.0
16928,2017,103240,4.0,2.0,1.0,2.0,1.0
16929,2017,103241,4.0,3.0,1.0,2.0,1.0
16953,2017,103265,5.0,3.0,1.0,1.0,1.0
16957,2017,103269,3.0,1.0,1.0,1.0,1.0
16971,2017,103283,4.0,3.0,1.0,1.0,1.0
16978,2017,103290,3.0,1.0,1.0,2.0,1.0
16995,2017,103307,3.0,2.0,1.0,1.0,1.0
17033,2017,103345,3.0,1.0,2.0,2.0,1.0
17037,2017,103349,2.0,1.0,1.0,1.0,1.0
17084,2017,103396,4.0,2.0,1.0,1.0,1.0
17096,2017,103408,3.0,2.0,1.0,1.0,1.0
17108,2017,103420,2.0,1.0,2.0,2.0,1.0
17112,2017,103424,5.0,2.0,2.0,2.0,1.0
17119,2017,103431,2.0,1.0,2.0,2.0,1.0
17125,2017,103437,2.0,1.0,1.0,1.0,1.0
17139,2017,103451,3.0,1.0,1.0,1.0,1.0
17152,2017,103464,4.0,1.0,1.0,1.0,1.0
17166,2017,103478,7.0,2.0,1.0,1.0,1.0
17172,2017,103484,4.0,3.0,1.0,1.0,1.0
17240,2017,103552,5.0,3.0,2.0,1.0,1.0
17242,2017,103554,3.0,2.0,1.0,1.0,1.0
17282,2017,103594,5.0,3.0,1.0,1.0,1.0
17290,2017,103602,5.0,3.0,1.0,1.0,1.0
17299,2017,103611,4.0,2.0,1.0,1.0,1.0
17301,2017,103613,4.0,2.0,1.0,2.0,1.0
17306,2017,103618,5.0,3.0,1.0,2.0,1.0
17307,2017,103619,5.0,3.0,2.0,2.0,1.0
17319,2017,103631,4.0,3.0,1.0,1.0,1.0
17332,2017,103644,4.0,2.0,1.0,1.0,1.0
17344,2017,103656,4.0,1.0,1.0,1.0,1.0
17359,2017,103671,4.0,2.0,1.0,1.0,1.0
17362,2017,103674,5.0,3.0,1.0,1.0,1.0
17368,2017,103680,3.0,2.0,1.0,2.0,1.0
17396,2017,103708,4.0,3.0,1.0,1.0,1.0
17462,2017,103774,4.0,2.0,1.0,2.0,1.0
17466,2017,103778,3.0,2.0,1.0,2.0,1.0
17476,2017,103788,4.0,2.0,1.0,1.0,1.0
17488,2017,103800,4.0,2.0,1.0,1.0,1.0
17492,2017,103804,6.0,3.0,1.0,1.0,1.0
17498,2017,103810,5.0,3.0,1.0,1.0,1.0
17513,2017,103825,4.0,3.0,1.0,1.0,1.0
17551,2017,103863,3.0,2.0,1.0,1.0,1.0
17557,2017,103869,3.0,2.0,1.0,2.0,1.0
17596,2017,103908,5.0,3.0,1.0,1.0,1.0
17600,2017,103912,3.0,1.0,1.0,1.0,1.0
17633,2017,103945,4.0,3.0,1.0,2.0,1.0
17638,2017,103950,3.0,3.0,1.0,2.0,1.0
17648,2017,103960,4.0,2.0,2.0,2.0,1.0
17676,2017,103988,5.0,3.0,1.0,1.0,1.0
17682,2017,103994,3.0,2.0,1.0,1.0,1.0
17695,2017,104007,3.0,1.0,1.0,1.0,1.0
17729,2017,104041,3.0,1.0,1.0,1.0,1.0
17738,2017,104050,4.0,3.0,1.0,1.0,1.0
17740,2017,104052,6.0,3.0,1.0,1.0,1.0
17760,2017,104072,5.0,3.0,1.0,1.0,1.0
17767,2017,104079,3.0,1.0,1.0,1.0,1.0
17780,2017,104092,3.0,2.0,1.0,1.0,1.0
17786,2017,104098,4.0,3.0,1.0,1.0,1.0
17810,2017,104122,4.0,2.0,1.0,1.0,1.0
17861,2017,104173,5.0,3.0,1.0,2.0,1.0
17881,2017,104193,4.0,2.0,1.0,2.0,1.0
17887,2017,104199,4.0,2.0,1.0,1.0,1.0
17893,2017,104205,4.0,2.0,1.0,1.0,1.0
17904,2017,104216,2.0,1.0,1.0,1.0,1.0
17905,2017,104217,4.0,2.0,1.0,1.0,1.0
17921,2017,104233,5.0,3.0,1.0,1.0,1.0
17938,2017,104250,3.0,2.0,1.0,1.0,1.0
17968,2017,104280,4.0,2.0,1.0,1.0,1.0
18080,2017,104392,5.0,3.0,1.0,1.0,1.0
18143,2017,104455,3.0,1.0,1.0,1.0,1.0
18166,2017,104478,3.0,1.0,1.0,1.0,1.0
18175,2017,104487,4.0,3.0,1.0,1.0,1.0
18176,2017,104488,3.0,1.0,1.0,1.0,1.0
18177,2017,104489,4.0,3.0,1.0,1.0,1.0
18185,2017,104497,4.0,2.0,1.0,1.0,1.0
18196,2017,104508,3.0,1.0,1.0,1.0,1.0
18207,2017,104519,3.0,2.0,1.0,1.0,1.0
18219,2017,104531,4.0,2.0,1.0,1.0,1.0
18229,2017,104541,4.0,3.0,1.0,1.0,1.0
18233,2017,104545,4.0,3.0,1.0,1.0,1.0
18244,2017,104556,3.0,2.0,1.0,1.0,1.0
18249,2017,104561,3.0,1.0,2.0,2.0,1.0
18255,2017,104567,4.0,2.0,1.0,1.0,1.0
18288,2017,104600,4.0,2.0,1.0,1.0,1.0
18304,2017,104616,3.0,1.0,1.0,1.0,1.0
18353,2017,104665,4.0,2.0,1.0,1.0,1.0
18357,2017,104669,3.0,2.0,2.0,2.0,1.0
18361,2017,104673,4.0,2.0,1.0,2.0,1.0
18362,2017,104674,5.0,3.0,1.0,2.0,1.0
18391,2017,104703,5.0,3.0,2.0,2.0,1.0
18397,2017,104709,6.0,3.0,1.0,2.0,1.0
18399,2017,104711,4.0,3.0,1.0,1.0,1.0
18403,2017,104715,5.0,3.0,1.0,1.0,1.0
18407,2017,104719,5.0,3.0,1.0,1.0,1.0
18420,2017,104732,3.0,1.0,1.0,1.0,1.0
18436,2017,104748,2.0,1.0,1.0,1.0,1.0
18452,2017,104764,3.0,2.0,1.0,1.0,1.0
18457,2017,104769,4.0,2.0,1.0,1.0,1.0
18458,2017,104770,3.0,1.0,1.0,1.0,1.0
18463,2017,104775,2.0,1.0,1.0,1.0,1.0
18480,2017,104792,4.0,2.0,1.0,1.0,1.0
18500,2017,104812,5.0,3.0,2.0,2.0,1.0
18503,2017,104815,5.0,2.0,1.0,1.0,1.0
18522,2017,104834,2.0,1.0,1.0,1.0,1.0
18523,2017,104835,3.0,2.0,1.0,1.0,1.0
18531,2017,104843,2.0,1.0,1.0,1.0,1.0
18535,2017,104847,4.0,2.0,2.0,2.0,1.0
18541,2017,104853,4.0,2.0,1.0,1.0,1.0
18543,2017,104855,5.0,3.0,1.0,1.0,1.0
18548,2017,104860,4.0,2.0,1.0,1.0,1.0
18600,2017,104912,4.0,2.0,1.0,1.0,1.0
18601,2017,104913,4.0,2.0,1.0,2.0,1.0
18602,2017,104914,5.0,3.0,1.0,1.0,1.0
18608,2017,104920,4.0,3.0,1.0,1.0,1.0
18618,2017,104930,3.0,2.0,1.0,1.0,1.0
18619,2017,104931,3.0,2.0,1.0,1.0,1.0
18627,2017,104939,4.0,1.0,1.0,2.0,1.0
18633,2017,104945,4.0,1.0,1.0,1.0,1.0
18671,2019,104983,3.0,1.0,1.0,1.0,1.0
18712,2019,105024,3.0,1.0,1.0,1.0,1.0
18717,2019,105029,4.0,2.0,1.0,1.0,1.0
18719,2019,105031,6.0,3.0,1.0,2.0,1.0
18726,2019,105038,3.0,1.0,1.0,1.0,1.0
18771,2019,105083,5.0,2.0,2.0,2.0,1.0
18775,2019,105087,3.0,2.0,1.0,1.0,1.0
18794,2019,105106,4.0,2.0,2.0,2.0,1.0
18797,2019,105109,3.0,1.0,1.0,1.0,1.0
18800,2019,105112,2.0,1.0,1.0,1.0,1.0
18807,2019,105119,4.0,2.0,1.0,1.0,1.0
18809,2019,105121,4.0,2.0,1.0,1.0,1.0
18817,2019,105129,3.0,2.0,1.0,1.0,1.0
18832,2019,105144,5.0,3.0,1.0,1.0,1.0
18854,2019,105166,3.0,1.0,1.0,1.0,1.0
18884,2019,105196,4.0,2.0,2.0,1.0,1.0
18893,2019,105205,3.0,1.0,1.0,1.0,1.0
18900,2019,105212,5.0,2.0,1.0,1.0,1.0
18907,2019,105219,4.0,2.0,1.0,2.0,1.0
18912,2019,105224,3.0,1.0,1.0,2.0,1.0
18927,2019,105239,5.0,3.0,2.0,1.0,1.0
18930,2019,105242,5.0,3.0,2.0,1.0,1.0
18935,2019,105247,6.0,3.0,1.0,2.0,1.0
18943,2019,105255,4.0,2.0,1.0,1.0,1.0
18952,2019,105264,4.0,2.0,1.0,1.0,1.0
18974,2019,105286,4.0,2.0,1.0,1.0,1.0
19002,2019,105314,5.0,3.0,1.0,1.0,1.0
19018,2019,105330,3.0,1.0,1.0,2.0,1.0
19020,2019,105332,5.0,3.0,1.0,1.0,1.0
19028,2019,105340,3.0,1.0,1.0,1.0,1.0
19044,2019,105356,4.0,2.0,1.0,1.0,1.0
19050,2019,105362,4.0,1.0,1.0,1.0,1.0
19058,2019,105370,5.0,3.0,1.0,1.0,1.0
19082,2019,105394,4.0,2.0,1.0,2.0,1.0
19086,2019,105398,2.0,1.0,1.0,1.0,1.0
19092,2019,105404,4.0,2.0,1.0,1.0,1.0
19099,2019,105411,5.0,3.0,1.0,2.0,1.0
19107,2019,105419,4.0,3.0,1.0,1.0,1.0
19108,2019,105420,3.0,2.0,1.0,2.0,1.0
19120,2019,105432,5.0,3.0,1.0,2.0,1.0
19125,2019,105437,6.0,2.0,1.0,1.0,1.0
19130,2019,105442,4.0,2.0,1.0,1.0,1.0
19145,2019,105457,4.0,2.0,1.0,1.0,1.0
19169,2019,105481,3.0,1.0,1.0,1.0,1.0
19170,2019,105482,5.0,3.0,2.0,1.0,1.0
19182,2019,105494,4.0,1.0,1.0,1.0,1.0
19184,2019,105496,4.0,3.0,1.0,2.0,1.0
19199,2019,105511,5.0,2.0,1.0,1.0,1.0
19207,2019,105519,5.0,3.0,1.0,1.0,1.0
19211,2019,105523,3.0,2.0,1.0,1.0,1.0
19214,2019,105526,4.0,3.0,1.0,1.0,1.0
19240,2019,105552,4.0,2.0,1.0,1.0,1.0
19244,2019,105556,3.0,1.0,1.0,1.0,1.0
19246,2019,105558,4.0,3.0,1.0,1.0,1.0
19249,2019,105561,4.0,2.0,1.0,1.0,1.0
19272,2019,105584,4.0,2.0,1.0,2.0,1.0
19280,2019,105592,5.0,3.0,1.0,1.0,1.0
19295,2019,105607,5.0,3.0,1.0,1.0,1.0
19308,2019,105620,4.0,3.0,1.0,1.0,1.0
19312,2019,105624,2.0,1.0,1.0,2.0,1.0
19320,2019,105632,5.0,2.0,1.0,2.0,1.0
19332,2019,105644,6.0,3.0,1.0,1.0,1.0
19347,2019,105659,4.0,3.0,1.0,1.0,1.0
19357,2019,105669,3.0,1.0,1.0,1.0,1.0
19373,2019,105685,4.0,2.0,2.0,2.0,1.0
19375,2019,105687,4.0,2.0,1.0,1.0,1.0
19385,2019,105697,2.0,1.0,1.0,2.0,1.0
19411,2019,105723,5.0,3.0,1.0,2.0,1.0
19415,2019,105727,5.0,3.0,1.0,1.0,1.0
19419,2019,105731,5.0,3.0,1.0,1.0,1.0
19424,2019,105736,5.0,3.0,1.0,1.0,1.0
19428,2019,105740,4.0,1.0,1.0,2.0,1.0
19458,2019,105770,3.0,2.0,1.0,2.0,1.0
19459,2019,105771,3.0,2.0,1.0,1.0,1.0
19478,2019,105790,6.0,3.0,1.0,1.0,1.0
19486,2019,105798,4.0,1.0,1.0,2.0,1.0
19500,2019,105812,7.0,3.0,1.0,1.0,1.0
19518,2019,105830,5.0,3.0,1.0,2.0,1.0
19534,2019,105846,4.0,2.0,1.0,2.0,1.0
19542,2019,105854,4.0,3.0,1.0,1.0,1.0
19572,2019,105884,3.0,1.0,2.0,2.0,1.0
19605,2019,105917,4.0,2.0,2.0,2.0,1.0
19623,2019,105935,7.0,2.0,1.0,1.0,1.0
19635,2019,105947,2.0,1.0,1.0,2.0,1.0
19644,2019,105956,4.0,2.0,1.0,1.0,1.0
19646,2019,105958,5.0,2.0,1.0,1.0,1.0
19659,2019,105971,3.0,2.0,1.0,1.0,1.0
19668,2019,105980,3.0,2.0,1.0,1.0,1.0
19673,2019,105985,3.0,2.0,2.0,2.0,1.0
19678,2019,105990,4.0,2.0,1.0,2.0,1.0
19688,2019,106000,5.0,2.0,1.0,2.0,1.0
19698,2019,106010,4.0,3.0,2.0,2.0,1.0
19721,2019,106033,3.0,1.0,1.0,1.0,1.0
19744,2019,106056,2.0,1.0,1.0,2.0,1.0
19753,2019,106065,6.0,3.0,1.0,1.0,1.0
19767,2019,106079,3.0,1.0,2.0,2.0,1.0
19782,2019,106094,3.0,1.0,1.0,2.0,1.0
19792,2019,106104,3.0,1.0,1.0,2.0,1.0
19799,2019,106111,4.0,2.0,1.0,1.0,1.0
19848,2019,106160,5.0,3.0,1.0,1.0,1.0
19860,2019,106172,5.0,3.0,1.0,1.0,1.0
19863,2019,106175,5.0,2.0,1.0,1.0,1.0
19889,2019,106201,3.0,1.0,1.0,1.0,1.0
19900,2019,106212,4.0,3.0,1.0,2.0,1.0
19912,2019,106224,5.0,3.0,1.0,1.0,1.0
19941,2019,106253,4.0,2.0,1.0,1.0,1.0
19958,2019,106270,4.0,2.0,2.0,1.0,1.0
19963,2019,106275,4.0,3.0,2.0,1.0,1.0
19966,2019,106278,5.0,3.0,1.0,1.0,1.0
19973,2019,106285,4.0,3.0,1.0,1.0,1.0
19988,2019,106300,4.0,1.0,2.0,2.0,1.0
19992,2019,106304,3.0,1.0,1.0,1.0,1.0
20048,2019,106360,3.0,2.0,1.0,1.0,1.0
20061,2019,106373,3.0,1.0,1.0,1.0,1.0
20069,2019,106381,3.0,1.0,1.0,1.0,1.0
20093,2019,106405,1.0,4.0,1.0,1.0,1.0
20097,2019,106409,5.0,3.0,1.0,1.0,1.0
20102,2019,106414,5.0,3.0,1.0,1.0,1.0
20120,2019,106432,5.0,3.0,2.0,2.0,1.0
20128,2019,106440,2.0,1.0,1.0,2.0,1.0
20132,2019,106444,2.0,1.0,1.0,2.0,1.0
20150,2019,106462,5.0,3.0,2.0,2.0,1.0
20153,2019,106465,4.0,3.0,1.0,1.0,1.0
20159,2019,106471,2.0,1.0,1.0,2.0,1.0
20164,2019,106476,5.0,3.0,1.0,2.0,1.0
20171,2019,106483,4.0,2.0,1.0,1.0,1.0
20173,2019,106485,2.0,1.0,1.0,1.0,1.0
20174,2019,106486,5.0,3.0,1.0,1.0,1.0
20189,2019,106501,4.0,3.0,1.0,1.0,1.0
20219,2019,106531,5.0,3.0,1.0,1.0,1.0
20229,2019,106541,5.0,3.0,1.0,1.0,1.0
20244,2019,106556,4.0,2.0,1.0,1.0,1.0
20271,2019,106583,4.0,2.0,1.0,2.0,1.0
20274,2019,106586,3.0,1.0,1.0,2.0,1.0
20286,2019,106598,3.0,2.0,1.0,1.0,1.0
20290,2019,106602,5.0,3.0,1.0,1.0,1.0
20297,2019,106609,5.0,3.0,1.0,1.0,1.0
20307,2019,106619,4.0,3.0,1.0,1.0,1.0
20315,2019,106627,2.0,1.0,1.0,2.0,1.0
20324,2019,106636,5.0,3.0,1.0,1.0,1.0
20333,2019,106645,3.0,2.0,1.0,1.0,1.0
20345,2019,106657,5.0,3.0,1.0,1.0,1.0
20364,2019,106676,5.0,3.0,1.0,1.0,1.0
20389,2019,106701,2.0,1.0,1.0,1.0,1.0
20392,2019,106704,4.0,3.0,1.0,2.0,1.0
20411,2019,106723,3.0,2.0,1.0,1.0,1.0
20418,2019,106730,5.0,3.0,1.0,1.0,1.0
20426,2019,106738,7.0,4.0,1.0,1.0,1.0
20437,2019,106749,4.0,1.0,1.0,1.0,1.0
20461,2019,106773,2.0,1.0,1.0,1.0,1.0
20470,2019,106782,3.0,1.0,1.0,1.0,1.0
20479,2019,106791,5.0,3.0,1.0,1.0,1.0
20486,2019,106798,3.0,1.0,1.0,1.0,1.0
20494,2019,106806,3.0,2.0,2.0,2.0,1.0
20499,2019,106811,4.0,2.0,2.0,2.0,1.0
20502,2019,106814,2.0,1.0,1.0,1.0,1.0
20506,2019,106818,4.0,1.0,1.0,2.0,1.0
20521,2019,106833,4.0,2.0,1.0,2.0,1.0
20531,2019,106843,5.0,3.0,1.0,1.0,1.0
20539,2019,106851,4.0,1.0,1.0,2.0,1.0
20574,2019,106886,5.0,3.0,2.0,2.0,1.0
20576,2019,106888,3.0,2.0,1.0,1.0,1.0
20585,2019,106897,5.0,3.0,1.0,1.0,1.0
20586,2019,106898,4.0,3.0,1.0,1.0,1.0
20606,2019,106918,3.0,1.0,1.0,1.0,1.0
20610,2019,106922,4.0,3.0,1.0,1.0,1.0
20629,2019,106941,4.0,3.0,1.0,1.0,1.0
20641,2019,106953,5.0,3.0,1.0,1.0,1.0
20654,2019,106966,6.0,3.0,1.0,1.0,1.0
20658,2019,106970,1.0,3.0,1.0,2.0,1.0
20678,2019,106990,7.0,3.0,1.0,1.0,1.0
20682,2019,106994,3.0,1.0,1.0,1.0,1.0
20683,2019,106995,5.0,3.0,1.0,1.0,1.0
20684,2019,106996,4.0,3.0,1.0,1.0,1.0
20689,2019,107001,4.0,2.0,2.0,1.0,1.0
20720,2019,107032,4.0,2.0,1.0,1.0,1.0
20730,2019,107042,4.0,1.0,1.0,1.0,1.0
20736,2019,107048,3.0,1.0,1.0,1.0,1.0
20754,2019,107066,3.0,2.0,1.0,1.0,1.0
20755,2019,107067,3.0,1.0,2.0,2.0,1.0
20768,2019,107080,3.0,1.0,1.0,2.0,1.0
20779,2019,107091,5.0,3.0,1.0,1.0,1.0
20786,2019,107098,3.0,2.0,1.0,1.0,1.0
20802,2019,107114,2.0,1.0,1.0,1.0,1.0
20816,2019,107128,3.0,2.0,2.0,2.0,1.0
20881,2019,107193,3.0,1.0,1.0,1.0,1.0
20889,2019,107201,3.0,1.0,1.0,1.0,1.0
20892,2019,107204,4.0,2.0,1.0,1.0,1.0
20901,2019,107213,4.0,2.0,1.0,2.0,1.0
20937,2019,107249,2.0,1.0,1.0,1.0,1.0
20968,2019,107280,5.0,3.0,1.0,2.0,1.0
20977,2019,107289,5.0,3.0,2.0,2.0,1.0
20987,2019,107299,5.0,3.0,1.0,1.0,1.0
21003,2019,107315,5.0,3.0,2.0,2.0,1.0
21013,2019,107325,1.0,4.0,1.0,1.0,1.0
21028,2019,107340,4.0,3.0,1.0,1.0,1.0
21034,2019,107346,3.0,2.0,2.0,2.0,1.0
21045,2019,107357,5.0,3.0,1.0,1.0,1.0
21057,2019,107369,7.0,3.0,1.0,1.0,1.0
21060,2019,107372,5.0,3.0,1.0,2.0,1.0
21073,2019,107385,4.0,2.0,2.0,1.0,1.0
21074,2019,107386,3.0,1.0,1.0,1.0,1.0
21078,2019,107390,4.0,3.0,1.0,1.0,1.0
21086,2019,107398,3.0,1.0,1.0,1.0,1.0
21100,2019,107412,4.0,2.0,1.0,1.0,1.0
21112,2019,107424,5.0,3.0,1.0,1.0,1.0
21115,2019,107427,2.0,1.0,1.0,1.0,1.0
21120,2019,107432,3.0,2.0,1.0,1.0,1.0
21124,2019,107436,2.0,1.0,1.0,1.0,1.0
21137,2019,107449,3.0,2.0,2.0,2.0,1.0
21163,2019,107475,3.0,2.0,1.0,1.0,1.0
21177,2019,107489,3.0,1.0,1.0,1.0,1.0
21184,2019,107496,4.0,2.0,1.0,1.0,1.0
21189,2019,107501,2.0,1.0,2.0,2.0,1.0
21193,2019,107505,3.0,1.0,1.0,1.0,1.0
21198,2019,107510,5.0,3.0,1.0,1.0,1.0
21202,2019,107514,5.0,3.0,1.0,1.0,1.0
21203,2019,107515,5.0,3.0,1.0,1.0,1.0
21204,2019,107516,2.0,1.0,1.0,2.0,1.0
21205,2019,107517,6.0,3.0,1.0,1.0,1.0
21209,2019,107521,2.0,1.0,1.0,2.0,1.0
21213,2019,107525,3.0,1.0,1.0,1.0,1.0
21219,2019,107531,5.0,3.0,2.0,1.0,1.0
21250,2019,107562,1.0,1.0,1.0,1.0,1.0
21265,2019,107577,4.0,2.0,1.0,1.0,1.0
21283,2019,107595,3.0,1.0,1.0,1.0,1.0
21286,2019,107598,6.0,3.0,1.0,1.0,1.0
21289,2019,107601,3.0,1.0,1.0,1.0,1.0
21303,2019,107615,3.0,2.0,1.0,1.0,1.0
21327,2019,107639,4.0,2.0,1.0,1.0,1.0
21330,2019,107642,6.0,3.0,2.0,1.0,1.0
21354,2019,107666,5.0,3.0,1.0,1.0,1.0
21355,2019,107667,6.0,2.0,1.0,1.0,1.0
21357,2019,107669,4.0,3.0,1.0,1.0,1.0
21392,2019,107704,2.0,1.0,1.0,2.0,1.0
21419,2019,107731,4.0,3.0,1.0,1.0,1.0
21422,2019,107734,7.0,2.0,1.0,1.0,1.0
21453,2019,107765,4.0,2.0,1.0,1.0,1.0
21463,2019,107775,3.0,1.0,1.0,1.0,1.0
21469,2019,107781,4.0,2.0,1.0,1.0,1.0
21470,2019,107782,3.0,1.0,1.0,1.0,1.0
21489,2019,107801,5.0,3.0,1.0,1.0,1.0
21520,2019,107832,3.0,2.0,1.0,2.0,1.0
21535,2019,107847,5.0,3.0,2.0,2.0,1.0
21541,2019,107853,7.0,4.0,2.0,2.0,1.0
21618,2019,107930,3.0,1.0,1.0,1.0,1.0
21622,2019,107934,5.0,3.0,1.0,1.0,1.0
21631,2019,107943,3.0,1.0,2.0,1.0,1.0
21651,2019,107963,3.0,1.0,1.0,2.0,1.0
21652,2019,107964,4.0,2.0,1.0,1.0,1.0
21660,2019,107972,3.0,2.0,2.0,2.0,1.0
21666,2019,107978,5.0,3.0,1.0,1.0,1.0
21668,2019,107980,3.0,1.0,1.0,1.0,1.0
21684,2019,107996,3.0,1.0,1.0,1.0,1.0
21686,2019,107998,3.0,1.0,1.0,1.0,1.0
21693,2019,108005,5.0,3.0,1.0,2.0,1.0
21707,2019,108019,3.0,1.0,1.0,1.0,1.0
21718,2019,108030,4.0,2.0,1.0,1.0,1.0
21724,2019,108036,6.0,3.0,1.0,1.0,1.0
21725,2019,108037,4.0,2.0,1.0,1.0,1.0
21779,2019,108091,5.0,3.0,1.0,1.0,1.0
21795,2019,108107,2.0,1.0,1.0,2.0,1.0
21819,2019,108131,4.0,2.0,1.0,1.0,1.0
21820,2019,108132,3.0,1.0,1.0,1.0,1.0
21821,2019,108133,3.0,1.0,2.0,2.0,1.0
21822,2019,108134,3.0,2.0,1.0,1.0,1.0
21832,2019,108144,4.0,3.0,1.0,1.0,1.0
21834,2019,108146,5.0,3.0,1.0,1.0,1.0
21839,2019,108151,4.0,2.0,1.0,1.0,1.0
21864,2019,108176,3.0,1.0,1.0,1.0,1.0
21868,2019,108180,3.0,1.0,2.0,2.0,1.0
21871,2019,108183,5.0,3.0,1.0,1.0,1.0
21918,2019,108230,2.0,1.0,1.0,1.0,1.0
21920,2019,108232,4.0,2.0,1.0,1.0,1.0
21945,2019,108257,4.0,2.0,1.0,1.0,1.0
21960,2019,108272,2.0,1.0,2.0,2.0,1.0
21982,2019,108294,4.0,2.0,1.0,1.0,1.0
21990,2019,108302,5.0,3.0,2.0,2.0,1.0
22003,2019,108315,3.0,1.0,2.0,2.0,1.0
22020,2019,108332,4.0,3.0,1.0,1.0,1.0
22026,2019,108338,2.0,1.0,1.0,1.0,1.0
22033,2019,108345,3.0,2.0,1.0,1.0,1.0
22055,2019,108367,3.0,2.0,1.0,1.0,1.0
22074,2019,108386,5.0,3.0,1.0,1.0,1.0
22085,2019,108397,2.0,1.0,1.0,1.0,1.0
22090,2019,108402,4.0,2.0,1.0,2.0,1.0
22091,2019,108403,4.0,3.0,1.0,1.0,1.0
22105,2019,108417,3.0,1.0,2.0,1.0,1.0
22110,2019,108422,5.0,2.0,1.0,1.0,1.0
22130,2019,108442,3.0,2.0,1.0,1.0,1.0
22140,2019,108452,1.0,3.0,1.0,1.0,1.0
22141,2019,108453,6.0,3.0,1.0,2.0,1.0
22149,2019,108461,5.0,3.0,1.0,1.0,1.0
22156,2019,108468,4.0,2.0,1.0,1.0,1.0
22184,2019,108496,4.0,2.0,1.0,1.0,1.0
22193,2019,108505,4.0,2.0,1.0,1.0,1.0
22219,2019,108531,4.0,3.0,1.0,2.0,1.0
22229,2019,108541,2.0,1.0,1.0,1.0,1.0
22231,2019,108543,3.0,1.0,1.0,1.0,1.0
22256,2019,108568,3.0,1.0,1.0,2.0,1.0
22268,2019,108580,4.0,1.0,1.0,1.0,1.0
22269,2019,108581,3.0,1.0,1.0,2.0,1.0
22292,2019,108604,4.0,3.0,1.0,1.0,1.0
22293,2019,108605,4.0,3.0,1.0,1.0,1.0
22301,2019,108613,3.0,1.0,1.0,2.0,1.0
22310,2019,108622,2.0,1.0,1.0,1.0,1.0
22329,2019,108641,3.0,1.0,1.0,2.0,1.0
22332,2019,108644,4.0,2.0,1.0,1.0,1.0
22341,2019,108653,6.0,3.0,1.0,2.0,1.0
22343,2019,108655,5.0,3.0,1.0,2.0,1.0
22344,2019,108656,6.0,3.0,1.0,1.0,1.0
22351,2019,108663,5.0,3.0,1.0,2.0,1.0
22353,2019,108665,4.0,2.0,1.0,1.0,1.0
22354,2019,108666,4.0,1.0,1.0,1.0,1.0
22360,2019,108672,4.0,3.0,1.0,1.0,1.0
22369,2019,108681,3.0,2.0,1.0,2.0,1.0
22371,2019,108683,3.0,2.0,1.0,1.0,1.0
22380,2019,108692,2.0,1.0,1.0,2.0,1.0
22384,2019,108696,3.0,1.0,1.0,1.0,1.0
22385,2019,108697,3.0,2.0,1.0,1.0,1.0
22394,2019,108706,4.0,1.0,1.0,1.0,1.0
22398,2019,108710,4.0,3.0,1.0,1.0,1.0
22403,2019,108715,4.0,3.0,1.0,1.0,1.0
22407,2019,108719,5.0,3.0,2.0,1.0,1.0
22409,2019,108721,5.0,3.0,1.0,1.0,1.0
22440,2019,108752,3.0,1.0,1.0,1.0,1.0
22446,2019,108758,4.0,3.0,1.0,2.0,1.0
22448,2019,108760,6.0,2.0,1.0,1.0,1.0
22455,2019,108767,4.0,2.0,1.0,1.0,1.0
22502,2019,108814,4.0,3.0,1.0,2.0,1.0
22520,2019,108832,4.0,2.0,2.0,1.0,1.0
22535,2019,108847,4.0,3.0,1.0,1.0,1.0
22544,2019,108856,4.0,3.0,1.0,1.0,1.0
22549,2019,108861,4.0,2.0,2.0,2.0,1.0
22559,2019,108871,2.0,1.0,1.0,2.0,1.0
22598,2019,108910,4.0,3.0,1.0,1.0,1.0
22606,2019,108918,4.0,3.0,1.0,1.0,1.0
22623,2019,108935,4.0,2.0,1.0,1.0,1.0
22627,2019,108939,5.0,3.0,1.0,1.0,1.0
22632,2019,108944,4.0,1.0,1.0,1.0,1.0
22637,2019,108949,5.0,3.0,2.0,1.0,1.0
22639,2019,108951,5.0,3.0,1.0,1.0,1.0
22640,2019,108952,5.0,3.0,1.0,2.0,1.0
22656,2019,108968,3.0,2.0,2.0,2.0,1.0
22665,2019,108977,3.0,1.0,1.0,1.0,1.0
22677,2019,108989,5.0,3.0,2.0,1.0,1.0
22681,2019,108993,3.0,1.0,2.0,2.0,1.0
22704,2019,109016,4.0,2.0,1.0,1.0,1.0
22709,2019,109021,3.0,1.0,1.0,1.0,1.0
22725,2019,109037,6.0,3.0,1.0,1.0,1.0
22732,2019,109044,3.0,1.0,1.0,2.0,1.0
22733,2019,109045,2.0,1.0,1.0,2.0,1.0
22756,2019,109068,3.0,2.0,1.0,1.0,1.0
22769,2019,109081,5.0,3.0,1.0,1.0,1.0
22794,2019,109106,5.0,3.0,1.0,1.0,1.0
22796,2019,109108,5.0,3.0,1.0,1.0,1.0
22836,2019,109148,4.0,3.0,1.0,1.0,1.0
22842,2019,109154,3.0,1.0,1.0,1.0,1.0
22860,2019,109172,3.0,1.0,1.0,2.0,1.0
22893,2019,109205,5.0,3.0,1.0,2.0,1.0
22898,2019,109210,3.0,2.0,1.0,1.0,1.0
22904,2019,109216,4.0,2.0,1.0,1.0,1.0
22940,2019,109252,4.0,2.0,1.0,1.0,1.0
22947,2019,109259,3.0,2.0,1.0,2.0,1.0
22975,2019,109287,4.0,2.0,1.0,2.0,1.0
22984,2019,109296,4.0,1.0,1.0,2.0,1.0
23005,2019,109317,4.0,3.0,1.0,1.0,1.0
23010,2019,109322,3.0,2.0,1.0,1.0,1.0
23025,2019,109337,4.0,2.0,1.0,2.0,1.0
23032,2019,109344,2.0,1.0,1.0,1.0,1.0
23080,2019,109392,3.0,1.0,1.0,1.0,1.0
23116,2019,109428,4.0,2.0,2.0,2.0,1.0
23127,2019,109439,3.0,1.0,1.0,1.0,1.0
23131,2019,109443,5.0,3.0,1.0,1.0,1.0
23135,2019,109447,6.0,3.0,1.0,2.0,1.0
23136,2019,109448,5.0,3.0,1.0,1.0,1.0
23138,2019,109450,5.0,3.0,1.0,1.0,1.0
23139,2019,109451,4.0,2.0,1.0,1.0,1.0
23152,2019,109464,6.0,3.0,1.0,1.0,1.0
23155,2019,109467,5.0,2.0,1.0,1.0,1.0
23168,2019,109480,5.0,3.0,1.0,1.0,1.0
23170,2019,109482,4.0,2.0,1.0,1.0,1.0
23172,2019,109484,6.0,4.0,1.0,1.0,1.0
23176,2019,109488,7.0,4.0,1.0,1.0,1.0
23181,2019,109493,4.0,3.0,1.0,1.0,1.0
23204,2019,109516,3.0,2.0,1.0,1.0,1.0
23218,2019,109530,4.0,3.0,1.0,1.0,1.0
23223,2019,109535,4.0,2.0,2.0,1.0,1.0
23234,2019,109546,5.0,3.0,1.0,1.0,1.0
23250,2019,109562,4.0,3.0,1.0,2.0,1.0
23263,2019,109575,4.0,3.0,1.0,2.0,1.0
23268,2019,109580,7.0,4.0,1.0,1.0,1.0
23280,2019,109592,4.0,3.0,1.0,1.0,1.0
23294,2019,109606,4.0,3.0,1.0,1.0,1.0
23296,2019,109608,5.0,3.0,1.0,1.0,1.0
23309,2019,109621,5.0,3.0,1.0,2.0,1.0
23310,2019,109622,4.0,2.0,1.0,1.0,1.0
23336,2019,109648,4.0,2.0,1.0,1.0,1.0
23353,2019,109665,6.0,3.0,1.0,1.0,1.0
23355,2019,109667,6.0,3.0,1.0,1.0,1.0
23376,2019,109688,3.0,1.0,1.0,1.0,1.0
23391,2019,109703,3.0,1.0,1.0,1.0,1.0
23394,2019,109706,5.0,3.0,2.0,1.0,1.0
23409,2019,109721,3.0,2.0,1.0,2.0,1.0
23431,2019,109743,4.0,2.0,2.0,2.0,1.0
23445,2019,109757,5.0,3.0,1.0,1.0,1.0
23453,2019,109765,5.0,3.0,1.0,2.0,1.0
23454,2019,109766,2.0,1.0,1.0,2.0,1.0
23472,2019,109784,5.0,3.0,1.0,1.0,1.0
23477,2019,109789,3.0,1.0,1.0,1.0,1.0
23485,2019,109797,2.0,1.0,1.0,1.0,1.0
23487,2019,109799,4.0,2.0,1.0,2.0,1.0
23493,2019,109805,5.0,3.0,1.0,1.0,1.0
23507,2019,109819,3.0,1.0,1.0,1.0,1.0
23513,2019,109825,2.0,1.0,1.0,2.0,1.0
23530,2019,109842,4.0,3.0,1.0,1.0,1.0
23535,2019,109847,3.0,2.0,1.0,1.0,1.0
23536,2019,109848,3.0,2.0,1.0,1.0,1.0
23542,2019,109854,3.0,2.0,1.0,2.0,1.0
23543,2019,109855,3.0,1.0,1.0,1.0,1.0
23561,2019,109873,3.0,1.0,1.0,1.0,1.0
23573,2019,109885,3.0,1.0,1.0,1.0,1.0
23594,2019,109906,3.0,1.0,1.0,1.0,1.0
23605,2019,109917,5.0,3.0,1.0,1.0,1.0
23616,2019,109928,3.0,2.0,1.0,1.0,1.0
23623,2019,109935,3.0,2.0,1.0,1.0,1.0
23628,2019,109940,3.0,1.0,1.0,1.0,1.0
23629,2019,109941,4.0,3.0,1.0,1.0,1.0
23638,2019,109950,4.0,3.0,1.0,2.0,1.0
23680,2019,109992,5.0,3.0,1.0,1.0,1.0
23690,2019,110002,5.0,3.0,1.0,1.0,1.0
23695,2019,110007,4.0,1.0,1.0,1.0,1.0
23699,2019,110011,3.0,1.0,1.0,1.0,1.0
23701,2019,110013,4.0,1.0,1.0,1.0,1.0
23722,2019,110034,5.0,3.0,1.0,1.0,1.0
23734,2019,110046,6.0,3.0,1.0,1.0,1.0
23737,2019,110049,5.0,3.0,1.0,1.0,1.0
23741,2019,110053,5.0,3.0,1.0,1.0,1.0
23787,2019,110099,7.0,3.0,1.0,1.0,1.0
23788,2019,110100,4.0,1.0,1.0,1.0,1.0
23801,2019,110113,6.0,3.0,2.0,1.0,1.0
23802,2019,110114,3.0,1.0,1.0,1.0,1.0
23816,2019,110128,4.0,2.0,1.0,2.0,1.0
23825,2019,110137,3.0,1.0,1.0,1.0,1.0
23826,2019,110138,3.0,1.0,1.0,1.0,1.0
